<?xml version="1.0" encoding="UTF-8"?><gpx creator="Wikiloc - https://www.wikiloc.com" version="1.1" xmlns="http://www.topografix.com/GPX/1/1" xmlns:xsi="http://www.w3.org/2001/XMLSchema-instance" xsi:schemaLocation="http://www.topografix.com/GPX/1/1 http://www.topografix.com/GPX/1/1/gpx.xsd"><metadata><name>Wikiloc - Nuria - Coma de Vaca - Queralbs</name><author><name>anatru</name><link href="https://www.wikiloc.com/wikiloc/user.do?id=102079"><text>anatru on Wikiloc</text></link></author><link href="https://www.wikiloc.com/hiking-trails/nuria-coma-de-vaca-queralbs-7714620"><text>Nuria - Coma de Vaca - Queralbs on Wikiloc</text></link><time>2014-08-19T11:11:26Z</time></metadata><trk><name>Nuria - Coma de Vaca - Queralbs - Wikiloc</name><cmt></cmt><desc></desc><trkseg><trkpt lat="42.397521" lon="2.154696"><ele>1963.988</ele><time>2014-08-19T06:50:51Z</time></trkpt><trkpt lat="42.397461" lon="2.154794"><ele>1965.324</ele><time>2014-08-19T06:51:05Z</time></trkpt><trkpt lat="42.397399" lon="2.154828"><ele>1965.626</ele><time>2014-08-19T06:51:10Z</time></trkpt><trkpt lat="42.397243" lon="2.154954"><ele>1966.507</ele><time>2014-08-19T06:51:21Z</time></trkpt><trkpt lat="42.397143" lon="2.155019"><ele>1966.645</ele><time>2014-08-19T06:51:35Z</time></trkpt><trkpt lat="42.397175" lon="2.155076"><ele>1968.285</ele><time>2014-08-19T06:51:43Z</time></trkpt><trkpt lat="42.397209" lon="2.155121"><ele>1969.599</ele><time>2014-08-19T06:51:55Z</time></trkpt><trkpt lat="42.397255" lon="2.155119"><ele>1969.812</ele><time>2014-08-19T06:51:59Z</time></trkpt><trkpt lat="42.397331" lon="2.155119"><ele>1970.254</ele><time>2014-08-19T06:52:04Z</time></trkpt><trkpt lat="42.397364" lon="2.155193"><ele>1971.610</ele><time>2014-08-19T06:52:11Z</time></trkpt><trkpt lat="42.397303" lon="2.155258"><ele>1972.698</ele><time>2014-08-19T06:52:15Z</time></trkpt><trkpt lat="42.397110" lon="2.155453"><ele>1976.229</ele><time>2014-08-19T06:52:36Z</time></trkpt><trkpt lat="42.396971" lon="2.155559"><ele>1978.200</ele><time>2014-08-19T06:52:51Z</time></trkpt><trkpt lat="42.396852" lon="2.155653"><ele>1982.020</ele><time>2014-08-19T06:53:06Z</time></trkpt><trkpt lat="42.396730" lon="2.155672"><ele>1983.807</ele><time>2014-08-19T06:53:28Z</time></trkpt><trkpt lat="42.396736" lon="2.155653"><ele>1983.159</ele><time>2014-08-19T06:53:36Z</time></trkpt><trkpt lat="42.396702" lon="2.155661"><ele>1983.779</ele><time>2014-08-19T06:53:40Z</time></trkpt><trkpt lat="42.396654" lon="2.155680"><ele>1984.783</ele><time>2014-08-19T06:53:45Z</time></trkpt><trkpt lat="42.396498" lon="2.155735"><ele>1988.076</ele><time>2014-08-19T06:54:02Z</time></trkpt><trkpt lat="42.396362" lon="2.155765"><ele>1990.388</ele><time>2014-08-19T06:54:16Z</time></trkpt><trkpt lat="42.396318" lon="2.155764"><ele>1990.894</ele><time>2014-08-19T06:54:21Z</time></trkpt><trkpt lat="42.396223" lon="2.155790"><ele>1992.912</ele><time>2014-08-19T06:54:32Z</time></trkpt><trkpt lat="42.396185" lon="2.155792"><ele>1993.438</ele><time>2014-08-19T06:54:36Z</time></trkpt><trkpt lat="42.396114" lon="2.155820"><ele>1995.470</ele><time>2014-08-19T06:54:49Z</time></trkpt><trkpt lat="42.396052" lon="2.155862"><ele>1997.317</ele><time>2014-08-19T06:55:25Z</time></trkpt><trkpt lat="42.395918" lon="2.155925"><ele>2000.007</ele><time>2014-08-19T06:55:40Z</time></trkpt><trkpt lat="42.395794" lon="2.155998"><ele>2003.360</ele><time>2014-08-19T06:55:56Z</time></trkpt><trkpt lat="42.395692" lon="2.156067"><ele>2006.750</ele><time>2014-08-19T06:56:11Z</time></trkpt><trkpt lat="42.395585" lon="2.156164"><ele>2011.174</ele><time>2014-08-19T06:56:26Z</time></trkpt><trkpt lat="42.395489" lon="2.156209"><ele>2013.527</ele><time>2014-08-19T06:56:41Z</time></trkpt><trkpt lat="42.395401" lon="2.156257"><ele>2015.919</ele><time>2014-08-19T06:56:56Z</time></trkpt><trkpt lat="42.395316" lon="2.156296"><ele>2017.925</ele><time>2014-08-19T06:57:19Z</time></trkpt><trkpt lat="42.395273" lon="2.156301"><ele>2018.553</ele><time>2014-08-19T06:57:32Z</time></trkpt><trkpt lat="42.395188" lon="2.156360"><ele>2021.414</ele><time>2014-08-19T06:57:48Z</time></trkpt><trkpt lat="42.395089" lon="2.156416"><ele>2024.554</ele><time>2014-08-19T06:58:02Z</time></trkpt><trkpt lat="42.395061" lon="2.156405"><ele>2024.609</ele><time>2014-08-19T06:58:19Z</time></trkpt><trkpt lat="42.395081" lon="2.156374"><ele>2023.307</ele><time>2014-08-19T06:58:32Z</time></trkpt><trkpt lat="42.395065" lon="2.156337"><ele>2022.398</ele><time>2014-08-19T06:58:39Z</time></trkpt><trkpt lat="42.395036" lon="2.156306"><ele>2021.628</ele><time>2014-08-19T06:58:47Z</time></trkpt><trkpt lat="42.395030" lon="2.156258"><ele>2020.082</ele><time>2014-08-19T06:58:50Z</time></trkpt><trkpt lat="42.395030" lon="2.156234"><ele>2019.195</ele><time>2014-08-19T06:58:52Z</time></trkpt><trkpt lat="42.394959" lon="2.156210"><ele>2019.017</ele><time>2014-08-19T06:59:00Z</time></trkpt><trkpt lat="42.394919" lon="2.156233"><ele>2020.143</ele><time>2014-08-19T06:59:06Z</time></trkpt><trkpt lat="42.394887" lon="2.156241"><ele>2020.781</ele><time>2014-08-19T06:59:09Z</time></trkpt><trkpt lat="42.394840" lon="2.156230"><ele>2020.884</ele><time>2014-08-19T06:59:12Z</time></trkpt><trkpt lat="42.394785" lon="2.156198"><ele>2020.207</ele><time>2014-08-19T06:59:17Z</time></trkpt><trkpt lat="42.394734" lon="2.156199"><ele>2020.717</ele><time>2014-08-19T06:59:21Z</time></trkpt><trkpt lat="42.394708" lon="2.156201"><ele>2021.107</ele><time>2014-08-19T06:59:23Z</time></trkpt><trkpt lat="42.394659" lon="2.156197"><ele>2021.575</ele><time>2014-08-19T06:59:28Z</time></trkpt><trkpt lat="42.394524" lon="2.156234"><ele>2024.115</ele><time>2014-08-19T06:59:41Z</time></trkpt><trkpt lat="42.394394" lon="2.156200"><ele>2024.469</ele><time>2014-08-19T06:59:53Z</time></trkpt><trkpt lat="42.394370" lon="2.156213"><ele>2025.172</ele><time>2014-08-19T06:59:56Z</time></trkpt><trkpt lat="42.394349" lon="2.156193"><ele>2024.784</ele><time>2014-08-19T06:59:58Z</time></trkpt><trkpt lat="42.394264" lon="2.156121"><ele>2023.320</ele><time>2014-08-19T07:00:05Z</time></trkpt><trkpt lat="42.394218" lon="2.156105"><ele>2023.368</ele><time>2014-08-19T07:00:09Z</time></trkpt><trkpt lat="42.394185" lon="2.156108"><ele>2023.736</ele><time>2014-08-19T07:00:11Z</time></trkpt><trkpt lat="42.394109" lon="2.156133"><ele>2025.317</ele><time>2014-08-19T07:00:22Z</time></trkpt><trkpt lat="42.393925" lon="2.156111"><ele>2026.618</ele><time>2014-08-19T07:00:35Z</time></trkpt><trkpt lat="42.393906" lon="2.156114"><ele>2026.907</ele><time>2014-08-19T07:00:38Z</time></trkpt><trkpt lat="42.393740" lon="2.156105"><ele>2028.510</ele><time>2014-08-19T07:00:53Z</time></trkpt><trkpt lat="42.393698" lon="2.156113"><ele>2029.130</ele><time>2014-08-19T07:00:58Z</time></trkpt><trkpt lat="42.393640" lon="2.156087"><ele>2029.284</ele><time>2014-08-19T07:01:02Z</time></trkpt><trkpt lat="42.393596" lon="2.156076"><ele>2029.587</ele><time>2014-08-19T07:01:06Z</time></trkpt><trkpt lat="42.393560" lon="2.156058"><ele>2029.829</ele><time>2014-08-19T07:01:10Z</time></trkpt><trkpt lat="42.393434" lon="2.155988"><ele>2031.165</ele><time>2014-08-19T07:01:26Z</time></trkpt><trkpt lat="42.393317" lon="2.155972"><ele>2033.333</ele><time>2014-08-19T07:01:39Z</time></trkpt><trkpt lat="42.393209" lon="2.155941"><ele>2034.618</ele><time>2014-08-19T07:01:51Z</time></trkpt><trkpt lat="42.393125" lon="2.155932"><ele>2035.998</ele><time>2014-08-19T07:02:01Z</time></trkpt><trkpt lat="42.393031" lon="2.155931"><ele>2037.117</ele><time>2014-08-19T07:02:18Z</time></trkpt><trkpt lat="42.393030" lon="2.155928"><ele>2037.107</ele><time>2014-08-19T07:02:42Z</time></trkpt><trkpt lat="42.393005" lon="2.155933"><ele>2037.358</ele><time>2014-08-19T07:02:52Z</time></trkpt><trkpt lat="42.393000" lon="2.155946"><ele>2037.578</ele><time>2014-08-19T07:03:26Z</time></trkpt><trkpt lat="42.392888" lon="2.155987"><ele>2038.732</ele><time>2014-08-19T07:03:34Z</time></trkpt><trkpt lat="42.392867" lon="2.155993"><ele>2038.975</ele><time>2014-08-19T07:03:36Z</time></trkpt><trkpt lat="42.392796" lon="2.156036"><ele>2040.247</ele><time>2014-08-19T07:03:44Z</time></trkpt><trkpt lat="42.392800" lon="2.156064"><ele>2040.883</ele><time>2014-08-19T07:03:46Z</time></trkpt><trkpt lat="42.392743" lon="2.156114"><ele>2042.571</ele><time>2014-08-19T07:03:53Z</time></trkpt><trkpt lat="42.392717" lon="2.156127"><ele>2043.168</ele><time>2014-08-19T07:03:56Z</time></trkpt><trkpt lat="42.392566" lon="2.156244"><ele>2046.242</ele><time>2014-08-19T07:04:12Z</time></trkpt><trkpt lat="42.392452" lon="2.156350"><ele>2048.526</ele><time>2014-08-19T07:04:25Z</time></trkpt><trkpt lat="42.392411" lon="2.156477"><ele>2049.307</ele><time>2014-08-19T07:04:40Z</time></trkpt><trkpt lat="42.392408" lon="2.156522"><ele>2049.323</ele><time>2014-08-19T07:04:43Z</time></trkpt><trkpt lat="42.392358" lon="2.156867"><ele>2048.663</ele><time>2014-08-19T07:04:58Z</time></trkpt><trkpt lat="42.392345" lon="2.156875"><ele>2048.427</ele><time>2014-08-19T07:05:00Z</time></trkpt><trkpt lat="42.392330" lon="2.156945"><ele>2047.960</ele><time>2014-08-19T07:05:03Z</time></trkpt><trkpt lat="42.392317" lon="2.157005"><ele>2048.292</ele><time>2014-08-19T07:05:16Z</time></trkpt><trkpt lat="42.392312" lon="2.157006"><ele>2048.198</ele><time>2014-08-19T07:05:37Z</time></trkpt><trkpt lat="42.392287" lon="2.157054"><ele>2048.036</ele><time>2014-08-19T07:05:41Z</time></trkpt><trkpt lat="42.392231" lon="2.157112"><ele>2047.426</ele><time>2014-08-19T07:05:55Z</time></trkpt><trkpt lat="42.392208" lon="2.157118"><ele>2046.947</ele><time>2014-08-19T07:05:58Z</time></trkpt><trkpt lat="42.392078" lon="2.157327"><ele>2047.211</ele><time>2014-08-19T07:06:14Z</time></trkpt><trkpt lat="42.391996" lon="2.157359"><ele>2045.507</ele><time>2014-08-19T07:06:25Z</time></trkpt><trkpt lat="42.391965" lon="2.157405"><ele>2045.669</ele><time>2014-08-19T07:06:38Z</time></trkpt><trkpt lat="42.391960" lon="2.157408"><ele>2045.559</ele><time>2014-08-19T07:06:39Z</time></trkpt><trkpt lat="42.391898" lon="2.157502"><ele>2044.983</ele><time>2014-08-19T07:06:47Z</time></trkpt><trkpt lat="42.391839" lon="2.157658"><ele>2045.356</ele><time>2014-08-19T07:06:58Z</time></trkpt><trkpt lat="42.391813" lon="2.157706"><ele>2044.998</ele><time>2014-08-19T07:07:01Z</time></trkpt><trkpt lat="42.391726" lon="2.157837"><ele>2043.624</ele><time>2014-08-19T07:07:13Z</time></trkpt><trkpt lat="42.391620" lon="2.158009"><ele>2043.972</ele><time>2014-08-19T07:07:26Z</time></trkpt><trkpt lat="42.391446" lon="2.158222"><ele>2043.832</ele><time>2014-08-19T07:07:42Z</time></trkpt><trkpt lat="42.391206" lon="2.158334"><ele>2039.892</ele><time>2014-08-19T07:08:00Z</time></trkpt><trkpt lat="42.390930" lon="2.158468"><ele>2037.811</ele><time>2014-08-19T07:08:20Z</time></trkpt><trkpt lat="42.390697" lon="2.158567"><ele>2036.507</ele><time>2014-08-19T07:08:37Z</time></trkpt><trkpt lat="42.390461" lon="2.158673"><ele>2035.330</ele><time>2014-08-19T07:08:55Z</time></trkpt><trkpt lat="42.390240" lon="2.158790"><ele>2033.460</ele><time>2014-08-19T07:09:13Z</time></trkpt><trkpt lat="42.390168" lon="2.158843"><ele>2032.594</ele><time>2014-08-19T07:09:19Z</time></trkpt><trkpt lat="42.389943" lon="2.158984"><ele>2030.387</ele><time>2014-08-19T07:09:39Z</time></trkpt><trkpt lat="42.389919" lon="2.158994"><ele>2030.079</ele><time>2014-08-19T07:09:41Z</time></trkpt><trkpt lat="42.389805" lon="2.159075"><ele>2030.045</ele><time>2014-08-19T07:09:56Z</time></trkpt><trkpt lat="42.389783" lon="2.159071"><ele>2029.263</ele><time>2014-08-19T07:10:35Z</time></trkpt><trkpt lat="42.389721" lon="2.159142"><ele>2030.153</ele><time>2014-08-19T07:11:01Z</time></trkpt><trkpt lat="42.389706" lon="2.159175"><ele>2030.504</ele><time>2014-08-19T07:11:03Z</time></trkpt><trkpt lat="42.389720" lon="2.159273"><ele>2030.214</ele><time>2014-08-19T07:11:11Z</time></trkpt><trkpt lat="42.389785" lon="2.159461"><ele>2032.207</ele><time>2014-08-19T07:11:22Z</time></trkpt><trkpt lat="42.389924" lon="2.159701"><ele>2032.072</ele><time>2014-08-19T07:11:39Z</time></trkpt><trkpt lat="42.389960" lon="2.159753"><ele>2031.692</ele><time>2014-08-19T07:11:42Z</time></trkpt><trkpt lat="42.390053" lon="2.159925"><ele>2031.876</ele><time>2014-08-19T07:11:53Z</time></trkpt><trkpt lat="42.390108" lon="2.159980"><ele>2034.329</ele><time>2014-08-19T07:11:57Z</time></trkpt><trkpt lat="42.390138" lon="2.160147"><ele>2033.311</ele><time>2014-08-19T07:12:09Z</time></trkpt><trkpt lat="42.390163" lon="2.160397"><ele>2029.637</ele><time>2014-08-19T07:12:23Z</time></trkpt><trkpt lat="42.390157" lon="2.160496"><ele>2026.495</ele><time>2014-08-19T07:12:26Z</time></trkpt><trkpt lat="42.390195" lon="2.160545"><ele>2027.613</ele><time>2014-08-19T07:12:29Z</time></trkpt><trkpt lat="42.390222" lon="2.160566"><ele>2029.043</ele><time>2014-08-19T07:12:31Z</time></trkpt><trkpt lat="42.390349" lon="2.160679"><ele>2036.207</ele><time>2014-08-19T07:12:40Z</time></trkpt><trkpt lat="42.390398" lon="2.160935"><ele>2035.107</ele><time>2014-08-19T07:12:54Z</time></trkpt><trkpt lat="42.390431" lon="2.161004"><ele>2035.638</ele><time>2014-08-19T07:13:04Z</time></trkpt><trkpt lat="42.390557" lon="2.161084"><ele>2041.328</ele><time>2014-08-19T07:13:15Z</time></trkpt><trkpt lat="42.390520" lon="2.161262"><ele>2037.382</ele><time>2014-08-19T07:13:28Z</time></trkpt><trkpt lat="42.390520" lon="2.161426"><ele>2037.395</ele><time>2014-08-19T07:13:39Z</time></trkpt><trkpt lat="42.390493" lon="2.161754"><ele>2039.987</ele><time>2014-08-19T07:13:55Z</time></trkpt><trkpt lat="42.390502" lon="2.161929"><ele>2042.933</ele><time>2014-08-19T07:14:06Z</time></trkpt><trkpt lat="42.390472" lon="2.162154"><ele>2042.551</ele><time>2014-08-19T07:14:17Z</time></trkpt><trkpt lat="42.390448" lon="2.162423"><ele>2040.574</ele><time>2014-08-19T07:14:31Z</time></trkpt><trkpt lat="42.390454" lon="2.162442"><ele>2040.956</ele><time>2014-08-19T07:14:32Z</time></trkpt><trkpt lat="42.390471" lon="2.162570"><ele>2042.521</ele><time>2014-08-19T07:14:46Z</time></trkpt><trkpt lat="42.390451" lon="2.162651"><ele>2041.607</ele><time>2014-08-19T07:14:52Z</time></trkpt><trkpt lat="42.390475" lon="2.162896"><ele>2043.194</ele><time>2014-08-19T07:15:05Z</time></trkpt><trkpt lat="42.390487" lon="2.162931"><ele>2043.654</ele><time>2014-08-19T07:15:07Z</time></trkpt><trkpt lat="42.390516" lon="2.163048"><ele>2044.178</ele><time>2014-08-19T07:15:18Z</time></trkpt><trkpt lat="42.390548" lon="2.163129"><ele>2046.251</ele><time>2014-08-19T07:15:28Z</time></trkpt><trkpt lat="42.390550" lon="2.163202"><ele>2046.153</ele><time>2014-08-19T07:15:31Z</time></trkpt><trkpt lat="42.390564" lon="2.163519"><ele>2046.039</ele><time>2014-08-19T07:15:46Z</time></trkpt><trkpt lat="42.390546" lon="2.163665"><ele>2044.427</ele><time>2014-08-19T07:15:57Z</time></trkpt><trkpt lat="42.390542" lon="2.163821"><ele>2044.168</ele><time>2014-08-19T07:16:08Z</time></trkpt><trkpt lat="42.390551" lon="2.163962"><ele>2044.742</ele><time>2014-08-19T07:16:20Z</time></trkpt><trkpt lat="42.390500" lon="2.164304"><ele>2040.626</ele><time>2014-08-19T07:16:35Z</time></trkpt><trkpt lat="42.390495" lon="2.164570"><ele>2039.007</ele><time>2014-08-19T07:16:49Z</time></trkpt><trkpt lat="42.390528" lon="2.164811"><ele>2039.963</ele><time>2014-08-19T07:17:03Z</time></trkpt><trkpt lat="42.390534" lon="2.164841"><ele>2040.163</ele><time>2014-08-19T07:17:05Z</time></trkpt><trkpt lat="42.390546" lon="2.164976"><ele>2040.027</ele><time>2014-08-19T07:17:15Z</time></trkpt><trkpt lat="42.390537" lon="2.165140"><ele>2039.670</ele><time>2014-08-19T07:17:28Z</time></trkpt><trkpt lat="42.390522" lon="2.165148"><ele>2039.642</ele><time>2014-08-19T07:18:27Z</time></trkpt><trkpt lat="42.390539" lon="2.165134"><ele>2039.668</ele><time>2014-08-19T07:18:32Z</time></trkpt><trkpt lat="42.390538" lon="2.165101"><ele>2039.686</ele><time>2014-08-19T07:18:53Z</time></trkpt><trkpt lat="42.390551" lon="2.165172"><ele>2039.494</ele><time>2014-08-19T07:19:04Z</time></trkpt><trkpt lat="42.390549" lon="2.165266"><ele>2039.257</ele><time>2014-08-19T07:19:12Z</time></trkpt><trkpt lat="42.390535" lon="2.165286"><ele>2039.822</ele><time>2014-08-19T07:19:14Z</time></trkpt><trkpt lat="42.390493" lon="2.165281"><ele>2040.707</ele><time>2014-08-19T07:19:34Z</time></trkpt><trkpt lat="42.390475" lon="2.165285"><ele>2041.366</ele><time>2014-08-19T07:19:38Z</time></trkpt><trkpt lat="42.390364" lon="2.165193"><ele>2041.666</ele><time>2014-08-19T07:19:50Z</time></trkpt><trkpt lat="42.390359" lon="2.165188"><ele>2041.530</ele><time>2014-08-19T07:19:51Z</time></trkpt><trkpt lat="42.390242" lon="2.165121"><ele>2040.693</ele><time>2014-08-19T07:20:04Z</time></trkpt><trkpt lat="42.390235" lon="2.165113"><ele>2040.535</ele><time>2014-08-19T07:20:05Z</time></trkpt><trkpt lat="42.390167" lon="2.165089"><ele>2041.211</ele><time>2014-08-19T07:20:10Z</time></trkpt><trkpt lat="42.389970" lon="2.165057"><ele>2044.939</ele><time>2014-08-19T07:20:27Z</time></trkpt><trkpt lat="42.389823" lon="2.164950"><ele>2045.217</ele><time>2014-08-19T07:20:41Z</time></trkpt><trkpt lat="42.389780" lon="2.164927"><ele>2045.687</ele><time>2014-08-19T07:20:46Z</time></trkpt><trkpt lat="42.389723" lon="2.164911"><ele>2046.815</ele><time>2014-08-19T07:20:51Z</time></trkpt><trkpt lat="42.389587" lon="2.164809"><ele>2047.407</ele><time>2014-08-19T07:21:04Z</time></trkpt><trkpt lat="42.389488" lon="2.164739"><ele>2048.128</ele><time>2014-08-19T07:21:12Z</time></trkpt><trkpt lat="42.389314" lon="2.164683"><ele>2049.748</ele><time>2014-08-19T07:21:25Z</time></trkpt><trkpt lat="42.389187" lon="2.164713"><ele>2053.312</ele><time>2014-08-19T07:21:37Z</time></trkpt><trkpt lat="42.389134" lon="2.164702"><ele>2053.935</ele><time>2014-08-19T07:21:41Z</time></trkpt><trkpt lat="42.388944" lon="2.164658"><ele>2056.127</ele><time>2014-08-19T07:21:57Z</time></trkpt><trkpt lat="42.388773" lon="2.164628"><ele>2058.283</ele><time>2014-08-19T07:22:11Z</time></trkpt><trkpt lat="42.388692" lon="2.164565"><ele>2058.141</ele><time>2014-08-19T07:22:21Z</time></trkpt><trkpt lat="42.388600" lon="2.164511"><ele>2058.726</ele><time>2014-08-19T07:22:34Z</time></trkpt><trkpt lat="42.388417" lon="2.164464"><ele>2061.147</ele><time>2014-08-19T07:22:50Z</time></trkpt><trkpt lat="42.388217" lon="2.164398"><ele>2064.011</ele><time>2014-08-19T07:23:09Z</time></trkpt><trkpt lat="42.388094" lon="2.164369"><ele>2066.507</ele><time>2014-08-19T07:23:23Z</time></trkpt><trkpt lat="42.387964" lon="2.164291"><ele>2066.729</ele><time>2014-08-19T07:23:35Z</time></trkpt><trkpt lat="42.387803" lon="2.164231"><ele>2067.669</ele><time>2014-08-19T07:23:49Z</time></trkpt><trkpt lat="42.387619" lon="2.164145"><ele>2068.513</ele><time>2014-08-19T07:24:04Z</time></trkpt><trkpt lat="42.387466" lon="2.164119"><ele>2070.756</ele><time>2014-08-19T07:24:19Z</time></trkpt><trkpt lat="42.387434" lon="2.164123"><ele>2071.068</ele><time>2014-08-19T07:24:35Z</time></trkpt><trkpt lat="42.387144" lon="2.164111"><ele>2073.214</ele><time>2014-08-19T07:24:59Z</time></trkpt><trkpt lat="42.386864" lon="2.164153"><ele>2074.732</ele><time>2014-08-19T07:25:20Z</time></trkpt><trkpt lat="42.386625" lon="2.164224"><ele>2076.789</ele><time>2014-08-19T07:25:39Z</time></trkpt><trkpt lat="42.386372" lon="2.164226"><ele>2076.706</ele><time>2014-08-19T07:25:59Z</time></trkpt><trkpt lat="42.386292" lon="2.164274"><ele>2078.426</ele><time>2014-08-19T07:26:12Z</time></trkpt><trkpt lat="42.386188" lon="2.164325"><ele>2080.407</ele><time>2014-08-19T07:27:43Z</time></trkpt><trkpt lat="42.386097" lon="2.164310"><ele>2080.145</ele><time>2014-08-19T07:27:50Z</time></trkpt><trkpt lat="42.386068" lon="2.164293"><ele>2079.575</ele><time>2014-08-19T07:27:52Z</time></trkpt><trkpt lat="42.385971" lon="2.164332"><ele>2080.719</ele><time>2014-08-19T07:28:01Z</time></trkpt><trkpt lat="42.385644" lon="2.164337"><ele>2081.092</ele><time>2014-08-19T07:28:23Z</time></trkpt><trkpt lat="42.385490" lon="2.164355"><ele>2082.034</ele><time>2014-08-19T07:28:37Z</time></trkpt><trkpt lat="42.385409" lon="2.164357"><ele>2082.430</ele><time>2014-08-19T07:28:43Z</time></trkpt><trkpt lat="42.385194" lon="2.164372"><ele>2083.238</ele><time>2014-08-19T07:29:00Z</time></trkpt><trkpt lat="42.384996" lon="2.164382"><ele>2082.946</ele><time>2014-08-19T07:29:16Z</time></trkpt><trkpt lat="42.384825" lon="2.164465"><ele>2081.788</ele><time>2014-08-19T07:29:31Z</time></trkpt><trkpt lat="42.384815" lon="2.164468"><ele>2081.516</ele><time>2014-08-19T07:29:32Z</time></trkpt><trkpt lat="42.384730" lon="2.164578"><ele>2082.107</ele><time>2014-08-19T07:29:45Z</time></trkpt><trkpt lat="42.384693" lon="2.164672"><ele>2083.071</ele><time>2014-08-19T07:30:04Z</time></trkpt><trkpt lat="42.384582" lon="2.164872"><ele>2083.751</ele><time>2014-08-19T07:30:20Z</time></trkpt><trkpt lat="42.384547" lon="2.164992"><ele>2085.265</ele><time>2014-08-19T07:30:28Z</time></trkpt><trkpt lat="42.384448" lon="2.165212"><ele>2088.258</ele><time>2014-08-19T07:30:41Z</time></trkpt><trkpt lat="42.384379" lon="2.165409"><ele>2092.280</ele><time>2014-08-19T07:30:54Z</time></trkpt><trkpt lat="42.384341" lon="2.165434"><ele>2091.736</ele><time>2014-08-19T07:30:58Z</time></trkpt><trkpt lat="42.384277" lon="2.165518"><ele>2092.574</ele><time>2014-08-19T07:31:05Z</time></trkpt><trkpt lat="42.384153" lon="2.165634"><ele>2092.797</ele><time>2014-08-19T07:31:19Z</time></trkpt><trkpt lat="42.384020" lon="2.165786"><ele>2094.623</ele><time>2014-08-19T07:31:33Z</time></trkpt><trkpt lat="42.383897" lon="2.165925"><ele>2095.225</ele><time>2014-08-19T07:31:46Z</time></trkpt><trkpt lat="42.383855" lon="2.165999"><ele>2096.307</ele><time>2014-08-19T07:31:52Z</time></trkpt><trkpt lat="42.383743" lon="2.166145"><ele>2097.236</ele><time>2014-08-19T07:32:07Z</time></trkpt><trkpt lat="42.383593" lon="2.166218"><ele>2094.656</ele><time>2014-08-19T07:32:20Z</time></trkpt><trkpt lat="42.383442" lon="2.166369"><ele>2095.270</ele><time>2014-08-19T07:32:36Z</time></trkpt><trkpt lat="42.383376" lon="2.166488"><ele>2096.693</ele><time>2014-08-19T07:32:44Z</time></trkpt><trkpt lat="42.383258" lon="2.166662"><ele>2097.745</ele><time>2014-08-19T07:32:57Z</time></trkpt><trkpt lat="42.383157" lon="2.166828"><ele>2099.461</ele><time>2014-08-19T07:33:08Z</time></trkpt><trkpt lat="42.383019" lon="2.166954"><ele>2099.539</ele><time>2014-08-19T07:33:22Z</time></trkpt><trkpt lat="42.382892" lon="2.167108"><ele>2100.841</ele><time>2014-08-19T07:33:36Z</time></trkpt><trkpt lat="42.382773" lon="2.167194"><ele>2100.281</ele><time>2014-08-19T07:33:49Z</time></trkpt><trkpt lat="42.382651" lon="2.167251"><ele>2100.109</ele><time>2014-08-19T07:33:59Z</time></trkpt><trkpt lat="42.382534" lon="2.167276"><ele>2099.207</ele><time>2014-08-19T07:34:09Z</time></trkpt><trkpt lat="42.382371" lon="2.167274"><ele>2099.161</ele><time>2014-08-19T07:34:23Z</time></trkpt><trkpt lat="42.382206" lon="2.167235"><ele>2098.471</ele><time>2014-08-19T07:34:41Z</time></trkpt><trkpt lat="42.381999" lon="2.167248"><ele>2099.595</ele><time>2014-08-19T07:35:00Z</time></trkpt><trkpt lat="42.381970" lon="2.167245"><ele>2099.638</ele><time>2014-08-19T07:35:02Z</time></trkpt><trkpt lat="42.381874" lon="2.167270"><ele>2100.990</ele><time>2014-08-19T07:35:12Z</time></trkpt><trkpt lat="42.381742" lon="2.167329"><ele>2103.546</ele><time>2014-08-19T07:35:27Z</time></trkpt><trkpt lat="42.381554" lon="2.167322"><ele>2103.634</ele><time>2014-08-19T07:35:44Z</time></trkpt><trkpt lat="42.381531" lon="2.167298"><ele>2102.899</ele><time>2014-08-19T07:35:46Z</time></trkpt><trkpt lat="42.381251" lon="2.167194"><ele>2099.707</ele><time>2014-08-19T07:36:06Z</time></trkpt><trkpt lat="42.381037" lon="2.167043"><ele>2096.327</ele><time>2014-08-19T07:36:22Z</time></trkpt><trkpt lat="42.380998" lon="2.167032"><ele>2095.707</ele><time>2014-08-19T07:36:36Z</time></trkpt><trkpt lat="42.380995" lon="2.167043"><ele>2095.856</ele><time>2014-08-19T07:36:56Z</time></trkpt><trkpt lat="42.380919" lon="2.166995"><ele>2095.086</ele><time>2014-08-19T07:37:40Z</time></trkpt><trkpt lat="42.380903" lon="2.167009"><ele>2094.870</ele><time>2014-08-19T07:37:57Z</time></trkpt><trkpt lat="42.380899" lon="2.167015"><ele>2094.863</ele><time>2014-08-19T07:38:12Z</time></trkpt><trkpt lat="42.380883" lon="2.167019"><ele>2094.665</ele><time>2014-08-19T07:38:45Z</time></trkpt><trkpt lat="42.380884" lon="2.167019"><ele>2094.641</ele><time>2014-08-19T07:38:56Z</time></trkpt><trkpt lat="42.380885" lon="2.167039"><ele>2094.549</ele><time>2014-08-19T07:38:59Z</time></trkpt><trkpt lat="42.380928" lon="2.167141"><ele>2095.075</ele><time>2014-08-19T07:39:10Z</time></trkpt><trkpt lat="42.380961" lon="2.167312"><ele>2095.928</ele><time>2014-08-19T07:39:24Z</time></trkpt><trkpt lat="42.380979" lon="2.167544"><ele>2096.020</ele><time>2014-08-19T07:39:37Z</time></trkpt><trkpt lat="42.380993" lon="2.167586"><ele>2096.307</ele><time>2014-08-19T07:39:40Z</time></trkpt><trkpt lat="42.381010" lon="2.167633"><ele>2096.954</ele><time>2014-08-19T07:39:43Z</time></trkpt><trkpt lat="42.381018" lon="2.167744"><ele>2096.574</ele><time>2014-08-19T07:39:57Z</time></trkpt><trkpt lat="42.381141" lon="2.168173"><ele>2098.218</ele><time>2014-08-19T07:40:23Z</time></trkpt><trkpt lat="42.381179" lon="2.168438"><ele>2097.851</ele><time>2014-08-19T07:40:39Z</time></trkpt><trkpt lat="42.381211" lon="2.168700"><ele>2098.273</ele><time>2014-08-19T07:40:55Z</time></trkpt><trkpt lat="42.381245" lon="2.168916"><ele>2099.629</ele><time>2014-08-19T07:41:10Z</time></trkpt><trkpt lat="42.381235" lon="2.168990"><ele>2098.777</ele><time>2014-08-19T07:41:15Z</time></trkpt><trkpt lat="42.381238" lon="2.169085"><ele>2098.533</ele><time>2014-08-19T07:41:20Z</time></trkpt><trkpt lat="42.381249" lon="2.169212"><ele>2098.023</ele><time>2014-08-19T07:41:28Z</time></trkpt><trkpt lat="42.381350" lon="2.169472"><ele>2098.915</ele><time>2014-08-19T07:41:45Z</time></trkpt><trkpt lat="42.381390" lon="2.169566"><ele>2099.007</ele><time>2014-08-19T07:42:04Z</time></trkpt><trkpt lat="42.381501" lon="2.169780"><ele>2099.730</ele><time>2014-08-19T07:42:19Z</time></trkpt><trkpt lat="42.381520" lon="2.169810"><ele>2099.730</ele><time>2014-08-19T07:42:21Z</time></trkpt><trkpt lat="42.381633" lon="2.170024"><ele>2098.954</ele><time>2014-08-19T07:42:41Z</time></trkpt><trkpt lat="42.381661" lon="2.170151"><ele>2096.267</ele><time>2014-08-19T07:42:49Z</time></trkpt><trkpt lat="42.381676" lon="2.170288"><ele>2092.529</ele><time>2014-08-19T07:43:04Z</time></trkpt><trkpt lat="42.381724" lon="2.170475"><ele>2091.175</ele><time>2014-08-19T07:43:19Z</time></trkpt><trkpt lat="42.381759" lon="2.170512"><ele>2092.923</ele><time>2014-08-19T07:43:32Z</time></trkpt><trkpt lat="42.381813" lon="2.170564"><ele>2096.066</ele><time>2014-08-19T07:43:42Z</time></trkpt><trkpt lat="42.381818" lon="2.170648"><ele>2094.929</ele><time>2014-08-19T07:43:49Z</time></trkpt><trkpt lat="42.381853" lon="2.170738"><ele>2096.121</ele><time>2014-08-19T07:44:00Z</time></trkpt><trkpt lat="42.381852" lon="2.170771"><ele>2095.507</ele><time>2014-08-19T07:44:02Z</time></trkpt><trkpt lat="42.381859" lon="2.170866"><ele>2094.573</ele><time>2014-08-19T07:44:07Z</time></trkpt><trkpt lat="42.381868" lon="2.171030"><ele>2093.253</ele><time>2014-08-19T07:44:18Z</time></trkpt><trkpt lat="42.381877" lon="2.171050"><ele>2093.717</ele><time>2014-08-19T07:44:20Z</time></trkpt><trkpt lat="42.381891" lon="2.171106"><ele>2094.080</ele><time>2014-08-19T07:44:25Z</time></trkpt><trkpt lat="42.381909" lon="2.171154"><ele>2094.722</ele><time>2014-08-19T07:44:29Z</time></trkpt><trkpt lat="42.381922" lon="2.171160"><ele>2095.628</ele><time>2014-08-19T07:44:31Z</time></trkpt><trkpt lat="42.381976" lon="2.171332"><ele>2097.256</ele><time>2014-08-19T07:44:45Z</time></trkpt><trkpt lat="42.381980" lon="2.171375"><ele>2096.979</ele><time>2014-08-19T07:44:48Z</time></trkpt><trkpt lat="42.382001" lon="2.171434"><ele>2098.005</ele><time>2014-08-19T07:44:52Z</time></trkpt><trkpt lat="42.382063" lon="2.171654"><ele>2100.825</ele><time>2014-08-19T07:45:09Z</time></trkpt><trkpt lat="42.382057" lon="2.171682"><ele>2100.207</ele><time>2014-08-19T07:45:11Z</time></trkpt><trkpt lat="42.382102" lon="2.172053"><ele>2100.244</ele><time>2014-08-19T07:45:33Z</time></trkpt><trkpt lat="42.382158" lon="2.172367"><ele>2100.074</ele><time>2014-08-19T07:45:53Z</time></trkpt><trkpt lat="42.382232" lon="2.172622"><ele>2099.858</ele><time>2014-08-19T07:46:10Z</time></trkpt><trkpt lat="42.382304" lon="2.172746"><ele>2100.571</ele><time>2014-08-19T07:46:20Z</time></trkpt><trkpt lat="42.382362" lon="2.172879"><ele>2100.023</ele><time>2014-08-19T07:46:33Z</time></trkpt><trkpt lat="42.382409" lon="2.172963"><ele>2100.139</ele><time>2014-08-19T07:46:39Z</time></trkpt><trkpt lat="42.382578" lon="2.173278"><ele>2100.317</ele><time>2014-08-19T07:47:02Z</time></trkpt><trkpt lat="42.382663" lon="2.173450"><ele>2100.795</ele><time>2014-08-19T07:47:14Z</time></trkpt><trkpt lat="42.382764" lon="2.173700"><ele>2100.749</ele><time>2014-08-19T07:47:31Z</time></trkpt><trkpt lat="42.382861" lon="2.173969"><ele>2101.423</ele><time>2014-08-19T07:47:48Z</time></trkpt><trkpt lat="42.382896" lon="2.174072"><ele>2102.007</ele><time>2014-08-19T07:47:54Z</time></trkpt><trkpt lat="42.382900" lon="2.174109"><ele>2101.826</ele><time>2014-08-19T07:47:56Z</time></trkpt><trkpt lat="42.382955" lon="2.174173"><ele>2104.316</ele><time>2014-08-19T07:48:03Z</time></trkpt><trkpt lat="42.382936" lon="2.174301"><ele>2105.050</ele><time>2014-08-19T07:48:13Z</time></trkpt><trkpt lat="42.382869" lon="2.174651"><ele>2107.213</ele><time>2014-08-19T07:48:36Z</time></trkpt><trkpt lat="42.382811" lon="2.174958"><ele>2108.515</ele><time>2014-08-19T07:48:56Z</time></trkpt><trkpt lat="42.382790" lon="2.175069"><ele>2109.011</ele><time>2014-08-19T07:49:04Z</time></trkpt><trkpt lat="42.382773" lon="2.175108"><ele>2108.629</ele><time>2014-08-19T07:49:07Z</time></trkpt><trkpt lat="42.382734" lon="2.175318"><ele>2109.917</ele><time>2014-08-19T07:49:21Z</time></trkpt><trkpt lat="42.382657" lon="2.175693"><ele>2110.787</ele><time>2014-08-19T07:49:45Z</time></trkpt><trkpt lat="42.382619" lon="2.175934"><ele>2110.315</ele><time>2014-08-19T07:50:03Z</time></trkpt><trkpt lat="42.382601" lon="2.176110"><ele>2110.507</ele><time>2014-08-19T07:50:20Z</time></trkpt><trkpt lat="42.382601" lon="2.176114"><ele>2110.638</ele><time>2014-08-19T07:50:46Z</time></trkpt><trkpt lat="42.382597" lon="2.176511"><ele>2112.378</ele><time>2014-08-19T07:51:08Z</time></trkpt><trkpt lat="42.382573" lon="2.176741"><ele>2112.312</ele><time>2014-08-19T07:51:25Z</time></trkpt><trkpt lat="42.382548" lon="2.176967"><ele>2111.415</ele><time>2014-08-19T07:51:39Z</time></trkpt><trkpt lat="42.382486" lon="2.177323"><ele>2111.467</ele><time>2014-08-19T07:52:01Z</time></trkpt><trkpt lat="42.382336" lon="2.177687"><ele>2111.223</ele><time>2014-08-19T07:52:22Z</time></trkpt><trkpt lat="42.382231" lon="2.177971"><ele>2111.091</ele><time>2014-08-19T07:52:41Z</time></trkpt><trkpt lat="42.382199" lon="2.178043"><ele>2110.761</ele><time>2014-08-19T07:53:05Z</time></trkpt><trkpt lat="42.382174" lon="2.178109"><ele>2110.721</ele><time>2014-08-19T07:53:17Z</time></trkpt><trkpt lat="42.382003" lon="2.178478"><ele>2109.513</ele><time>2014-08-19T07:53:40Z</time></trkpt><trkpt lat="42.381903" lon="2.178783"><ele>2107.707</ele><time>2014-08-19T07:54:00Z</time></trkpt><trkpt lat="42.381854" lon="2.178993"><ele>2104.033</ele><time>2014-08-19T07:54:19Z</time></trkpt><trkpt lat="42.381863" lon="2.179096"><ele>2104.493</ele><time>2014-08-19T07:54:35Z</time></trkpt><trkpt lat="42.381868" lon="2.179179"><ele>2104.517</ele><time>2014-08-19T07:54:52Z</time></trkpt><trkpt lat="42.381884" lon="2.179342"><ele>2104.580</ele><time>2014-08-19T07:55:04Z</time></trkpt><trkpt lat="42.381942" lon="2.179491"><ele>2109.052</ele><time>2014-08-19T07:55:18Z</time></trkpt><trkpt lat="42.381934" lon="2.179605"><ele>2108.748</ele><time>2014-08-19T07:55:27Z</time></trkpt><trkpt lat="42.381940" lon="2.179676"><ele>2109.566</ele><time>2014-08-19T07:55:33Z</time></trkpt><trkpt lat="42.381927" lon="2.179761"><ele>2109.137</ele><time>2014-08-19T07:55:44Z</time></trkpt><trkpt lat="42.381874" lon="2.180027"><ele>2109.249</ele><time>2014-08-19T07:56:03Z</time></trkpt><trkpt lat="42.381867" lon="2.180139"><ele>2112.013</ele><time>2014-08-19T07:56:16Z</time></trkpt><trkpt lat="42.381804" lon="2.180356"><ele>2114.207</ele><time>2014-08-19T07:56:32Z</time></trkpt><trkpt lat="42.381732" lon="2.180530"><ele>2115.020</ele><time>2014-08-19T07:56:49Z</time></trkpt><trkpt lat="42.381721" lon="2.180562"><ele>2115.450</ele><time>2014-08-19T07:56:51Z</time></trkpt><trkpt lat="42.381694" lon="2.180617"><ele>2115.794</ele><time>2014-08-19T07:56:55Z</time></trkpt><trkpt lat="42.381655" lon="2.180718"><ele>2117.237</ele><time>2014-08-19T07:57:05Z</time></trkpt><trkpt lat="42.381613" lon="2.180761"><ele>2116.039</ele><time>2014-08-19T07:57:15Z</time></trkpt><trkpt lat="42.381595" lon="2.180792"><ele>2116.185</ele><time>2014-08-19T07:57:18Z</time></trkpt><trkpt lat="42.381572" lon="2.180816"><ele>2115.423</ele><time>2014-08-19T07:57:21Z</time></trkpt><trkpt lat="42.381491" lon="2.180957"><ele>2115.454</ele><time>2014-08-19T07:57:37Z</time></trkpt><trkpt lat="42.381348" lon="2.181178"><ele>2113.556</ele><time>2014-08-19T07:57:52Z</time></trkpt><trkpt lat="42.381275" lon="2.181332"><ele>2113.811</ele><time>2014-08-19T07:58:08Z</time></trkpt><trkpt lat="42.381212" lon="2.181492"><ele>2113.807</ele><time>2014-08-19T07:58:38Z</time></trkpt><trkpt lat="42.381139" lon="2.181653"><ele>2112.532</ele><time>2014-08-19T07:58:53Z</time></trkpt><trkpt lat="42.381132" lon="2.181705"><ele>2113.262</ele><time>2014-08-19T07:59:11Z</time></trkpt><trkpt lat="42.381072" lon="2.181882"><ele>2113.016</ele><time>2014-08-19T07:59:48Z</time></trkpt><trkpt lat="42.381076" lon="2.181883"><ele>2113.379</ele><time>2014-08-19T07:59:51Z</time></trkpt><trkpt lat="42.381031" lon="2.181994"><ele>2112.621</ele><time>2014-08-19T08:00:03Z</time></trkpt><trkpt lat="42.380843" lon="2.182426"><ele>2109.177</ele><time>2014-08-19T08:00:30Z</time></trkpt><trkpt lat="42.380729" lon="2.182819"><ele>2106.715</ele><time>2014-08-19T08:00:53Z</time></trkpt><trkpt lat="42.380746" lon="2.183112"><ele>2105.152</ele><time>2014-08-19T08:01:11Z</time></trkpt><trkpt lat="42.380775" lon="2.183158"><ele>2105.253</ele><time>2014-08-19T08:01:25Z</time></trkpt><trkpt lat="42.380795" lon="2.183258"><ele>2103.108</ele><time>2014-08-19T08:01:37Z</time></trkpt><trkpt lat="42.380885" lon="2.183491"><ele>2104.107</ele><time>2014-08-19T08:01:51Z</time></trkpt><trkpt lat="42.380925" lon="2.183808"><ele>2104.892</ele><time>2014-08-19T08:02:08Z</time></trkpt><trkpt lat="42.380949" lon="2.183906"><ele>2106.912</ele><time>2014-08-19T08:02:17Z</time></trkpt><trkpt lat="42.380955" lon="2.183985"><ele>2106.536</ele><time>2014-08-19T08:02:23Z</time></trkpt><trkpt lat="42.380961" lon="2.184016"><ele>2106.899</ele><time>2014-08-19T08:02:25Z</time></trkpt><trkpt lat="42.380982" lon="2.184154"><ele>2107.471</ele><time>2014-08-19T08:02:34Z</time></trkpt><trkpt lat="42.380995" lon="2.184178"><ele>2108.467</ele><time>2014-08-19T08:02:37Z</time></trkpt><trkpt lat="42.381015" lon="2.184215"><ele>2109.125</ele><time>2014-08-19T08:02:40Z</time></trkpt><trkpt lat="42.381014" lon="2.184300"><ele>2104.856</ele><time>2014-08-19T08:02:49Z</time></trkpt><trkpt lat="42.381063" lon="2.184427"><ele>2103.359</ele><time>2014-08-19T08:03:02Z</time></trkpt><trkpt lat="42.381091" lon="2.184540"><ele>2101.114</ele><time>2014-08-19T08:03:14Z</time></trkpt><trkpt lat="42.381176" lon="2.184660"><ele>2101.007</ele><time>2014-08-19T08:03:24Z</time></trkpt><trkpt lat="42.381227" lon="2.184831"><ele>2097.692</ele><time>2014-08-19T08:03:36Z</time></trkpt><trkpt lat="42.381324" lon="2.184871"><ele>2099.562</ele><time>2014-08-19T08:03:49Z</time></trkpt><trkpt lat="42.381318" lon="2.184872"><ele>2099.366</ele><time>2014-08-19T08:04:10Z</time></trkpt><trkpt lat="42.381334" lon="2.184831"><ele>2101.579</ele><time>2014-08-19T08:04:23Z</time></trkpt><trkpt lat="42.381519" lon="2.184640"><ele>2107.231</ele><time>2014-08-19T08:04:42Z</time></trkpt><trkpt lat="42.381704" lon="2.184445"><ele>2109.877</ele><time>2014-08-19T08:04:59Z</time></trkpt><trkpt lat="42.381937" lon="2.184342"><ele>2108.975</ele><time>2014-08-19T08:05:19Z</time></trkpt><trkpt lat="42.382085" lon="2.184274"><ele>2110.556</ele><time>2014-08-19T08:05:34Z</time></trkpt><trkpt lat="42.382259" lon="2.184217"><ele>2111.259</ele><time>2014-08-19T08:05:50Z</time></trkpt><trkpt lat="42.382542" lon="2.184138"><ele>2113.314</ele><time>2014-08-19T08:06:12Z</time></trkpt><trkpt lat="42.382768" lon="2.184219"><ele>2112.007</ele><time>2014-08-19T08:06:30Z</time></trkpt><trkpt lat="42.382880" lon="2.184303"><ele>2112.612</ele><time>2014-08-19T08:06:42Z</time></trkpt><trkpt lat="42.382959" lon="2.184332"><ele>2114.982</ele><time>2014-08-19T08:06:48Z</time></trkpt><trkpt lat="42.382996" lon="2.184358"><ele>2115.456</ele><time>2014-08-19T08:06:51Z</time></trkpt><trkpt lat="42.383080" lon="2.184429"><ele>2115.729</ele><time>2014-08-19T08:06:59Z</time></trkpt><trkpt lat="42.383114" lon="2.184464"><ele>2115.251</ele><time>2014-08-19T08:07:02Z</time></trkpt><trkpt lat="42.383252" lon="2.184549"><ele>2116.387</ele><time>2014-08-19T08:07:15Z</time></trkpt><trkpt lat="42.383369" lon="2.184590"><ele>2117.615</ele><time>2014-08-19T08:07:26Z</time></trkpt><trkpt lat="42.383416" lon="2.184568"><ele>2119.144</ele><time>2014-08-19T08:07:30Z</time></trkpt><trkpt lat="42.383487" lon="2.184575"><ele>2119.505</ele><time>2014-08-19T08:07:36Z</time></trkpt><trkpt lat="42.383651" lon="2.184525"><ele>2124.715</ele><time>2014-08-19T08:07:52Z</time></trkpt><trkpt lat="42.383672" lon="2.184567"><ele>2124.207</ele><time>2014-08-19T08:08:06Z</time></trkpt><trkpt lat="42.383667" lon="2.184644"><ele>2121.191</ele><time>2014-08-19T08:08:17Z</time></trkpt><trkpt lat="42.383697" lon="2.184708"><ele>2120.491</ele><time>2014-08-19T08:08:22Z</time></trkpt><trkpt lat="42.383848" lon="2.184970"><ele>2118.365</ele><time>2014-08-19T08:08:41Z</time></trkpt><trkpt lat="42.383911" lon="2.185032"><ele>2118.348</ele><time>2014-08-19T08:08:48Z</time></trkpt><trkpt lat="42.383997" lon="2.185021"><ele>2122.090</ele><time>2014-08-19T08:08:54Z</time></trkpt><trkpt lat="42.384121" lon="2.185069"><ele>2125.046</ele><time>2014-08-19T08:09:06Z</time></trkpt><trkpt lat="42.384187" lon="2.185100"><ele>2126.964</ele><time>2014-08-19T08:09:15Z</time></trkpt><trkpt lat="42.384284" lon="2.185321"><ele>2125.823</ele><time>2014-08-19T08:09:33Z</time></trkpt><trkpt lat="42.384470" lon="2.185517"><ele>2126.883</ele><time>2014-08-19T08:09:53Z</time></trkpt><trkpt lat="42.384605" lon="2.185638"><ele>2127.111</ele><time>2014-08-19T08:10:08Z</time></trkpt><trkpt lat="42.384673" lon="2.185712"><ele>2126.607</ele><time>2014-08-19T08:10:15Z</time></trkpt><trkpt lat="42.384718" lon="2.185785"><ele>2125.149</ele><time>2014-08-19T08:10:21Z</time></trkpt><trkpt lat="42.384818" lon="2.185862"><ele>2128.399</ele><time>2014-08-19T08:10:35Z</time></trkpt><trkpt lat="42.384855" lon="2.185918"><ele>2129.743</ele><time>2014-08-19T08:10:42Z</time></trkpt><trkpt lat="42.384925" lon="2.186044"><ele>2130.176</ele><time>2014-08-19T08:10:58Z</time></trkpt><trkpt lat="42.384854" lon="2.186096"><ele>2127.588</ele><time>2014-08-19T08:11:04Z</time></trkpt><trkpt lat="42.384830" lon="2.186101"><ele>2127.014</ele><time>2014-08-19T08:11:07Z</time></trkpt><trkpt lat="42.384803" lon="2.186114"><ele>2126.692</ele><time>2014-08-19T08:11:10Z</time></trkpt><trkpt lat="42.384640" lon="2.186203"><ele>2128.168</ele><time>2014-08-19T08:11:27Z</time></trkpt><trkpt lat="42.384591" lon="2.186261"><ele>2129.842</ele><time>2014-08-19T08:11:33Z</time></trkpt><trkpt lat="42.384430" lon="2.186352"><ele>2130.226</ele><time>2014-08-19T08:11:49Z</time></trkpt><trkpt lat="42.384422" lon="2.186391"><ele>2131.307</ele><time>2014-08-19T08:11:51Z</time></trkpt><trkpt lat="42.384281" lon="2.186503"><ele>2130.693</ele><time>2014-08-19T08:12:07Z</time></trkpt><trkpt lat="42.384141" lon="2.186640"><ele>2131.163</ele><time>2014-08-19T08:12:22Z</time></trkpt><trkpt lat="42.384089" lon="2.186663"><ele>2130.137</ele><time>2014-08-19T08:12:26Z</time></trkpt><trkpt lat="42.383869" lon="2.186890"><ele>2131.130</ele><time>2014-08-19T08:12:48Z</time></trkpt><trkpt lat="42.383852" lon="2.186917"><ele>2131.572</ele><time>2014-08-19T08:12:50Z</time></trkpt><trkpt lat="42.383753" lon="2.186993"><ele>2130.818</ele><time>2014-08-19T08:13:01Z</time></trkpt><trkpt lat="42.383653" lon="2.187087"><ele>2131.346</ele><time>2014-08-19T08:13:11Z</time></trkpt><trkpt lat="42.383614" lon="2.187119"><ele>2131.394</ele><time>2014-08-19T08:13:15Z</time></trkpt><trkpt lat="42.383580" lon="2.187153"><ele>2131.457</ele><time>2014-08-19T08:13:19Z</time></trkpt><trkpt lat="42.383432" lon="2.187291"><ele>2131.222</ele><time>2014-08-19T08:13:36Z</time></trkpt><trkpt lat="42.383346" lon="2.187392"><ele>2131.907</ele><time>2014-08-19T08:13:53Z</time></trkpt><trkpt lat="42.383280" lon="2.187471"><ele>2132.186</ele><time>2014-08-19T08:14:16Z</time></trkpt><trkpt lat="42.383171" lon="2.187636"><ele>2133.556</ele><time>2014-08-19T08:14:32Z</time></trkpt><trkpt lat="42.382989" lon="2.187814"><ele>2129.240</ele><time>2014-08-19T08:14:53Z</time></trkpt><trkpt lat="42.382968" lon="2.187837"><ele>2128.033</ele><time>2014-08-19T08:14:55Z</time></trkpt><trkpt lat="42.382944" lon="2.187937"><ele>2127.875</ele><time>2014-08-19T08:15:01Z</time></trkpt><trkpt lat="42.382946" lon="2.187970"><ele>2128.531</ele><time>2014-08-19T08:15:03Z</time></trkpt><trkpt lat="42.382926" lon="2.188043"><ele>2128.489</ele><time>2014-08-19T08:15:07Z</time></trkpt><trkpt lat="42.382930" lon="2.188175"><ele>2125.198</ele><time>2014-08-19T08:15:15Z</time></trkpt><trkpt lat="42.382980" lon="2.188254"><ele>2125.215</ele><time>2014-08-19T08:15:22Z</time></trkpt><trkpt lat="42.383013" lon="2.188297"><ele>2125.326</ele><time>2014-08-19T08:15:26Z</time></trkpt><trkpt lat="42.383026" lon="2.188346"><ele>2124.107</ele><time>2014-08-19T08:15:29Z</time></trkpt><trkpt lat="42.383107" lon="2.188462"><ele>2122.896</ele><time>2014-08-19T08:15:37Z</time></trkpt><trkpt lat="42.383170" lon="2.188538"><ele>2122.966</ele><time>2014-08-19T08:15:44Z</time></trkpt><trkpt lat="42.383197" lon="2.188600"><ele>2122.490</ele><time>2014-08-19T08:15:49Z</time></trkpt><trkpt lat="42.383196" lon="2.188646"><ele>2121.293</ele><time>2014-08-19T08:15:56Z</time></trkpt><trkpt lat="42.383104" lon="2.188576"><ele>2118.775</ele><time>2014-08-19T08:16:07Z</time></trkpt><trkpt lat="42.383045" lon="2.188542"><ele>2117.021</ele><time>2014-08-19T08:16:16Z</time></trkpt><trkpt lat="42.382925" lon="2.188456"><ele>2113.659</ele><time>2014-08-19T08:16:27Z</time></trkpt><trkpt lat="42.382913" lon="2.188460"><ele>2112.767</ele><time>2014-08-19T08:16:28Z</time></trkpt><trkpt lat="42.382881" lon="2.188462"><ele>2110.781</ele><time>2014-08-19T08:16:31Z</time></trkpt><trkpt lat="42.382871" lon="2.188497"><ele>2108.119</ele><time>2014-08-19T08:16:36Z</time></trkpt><trkpt lat="42.382946" lon="2.188537"><ele>2110.807</ele><time>2014-08-19T08:16:42Z</time></trkpt><trkpt lat="42.382960" lon="2.188699"><ele>2106.883</ele><time>2014-08-19T08:16:54Z</time></trkpt><trkpt lat="42.382984" lon="2.188861"><ele>2105.863</ele><time>2014-08-19T08:17:05Z</time></trkpt><trkpt lat="42.382985" lon="2.188891"><ele>2105.337</ele><time>2014-08-19T08:17:12Z</time></trkpt><trkpt lat="42.382991" lon="2.188892"><ele>2105.750</ele><time>2014-08-19T08:17:15Z</time></trkpt><trkpt lat="42.382964" lon="2.188902"><ele>2103.452</ele><time>2014-08-19T08:17:17Z</time></trkpt><trkpt lat="42.382898" lon="2.188854"><ele>2100.388</ele><time>2014-08-19T08:17:24Z</time></trkpt><trkpt lat="42.382868" lon="2.188936"><ele>2096.166</ele><time>2014-08-19T08:17:32Z</time></trkpt><trkpt lat="42.382843" lon="2.188985"><ele>2093.031</ele><time>2014-08-19T08:17:36Z</time></trkpt><trkpt lat="42.382841" lon="2.189041"><ele>2091.061</ele><time>2014-08-19T08:17:40Z</time></trkpt><trkpt lat="42.382827" lon="2.189079"><ele>2089.207</ele><time>2014-08-19T08:17:43Z</time></trkpt><trkpt lat="42.382864" lon="2.189159"><ele>2087.807</ele><time>2014-08-19T08:17:49Z</time></trkpt><trkpt lat="42.382953" lon="2.189165"><ele>2090.130</ele><time>2014-08-19T08:17:56Z</time></trkpt><trkpt lat="42.383021" lon="2.189194"><ele>2090.250</ele><time>2014-08-19T08:18:08Z</time></trkpt><trkpt lat="42.383102" lon="2.189216"><ele>2090.374</ele><time>2014-08-19T08:18:16Z</time></trkpt><trkpt lat="42.383215" lon="2.189274"><ele>2087.277</ele><time>2014-08-19T08:18:28Z</time></trkpt><trkpt lat="42.383276" lon="2.189300"><ele>2085.649</ele><time>2014-08-19T08:18:34Z</time></trkpt><trkpt lat="42.383344" lon="2.189325"><ele>2083.575</ele><time>2014-08-19T08:18:45Z</time></trkpt><trkpt lat="42.383367" lon="2.189317"><ele>2083.833</ele><time>2014-08-19T08:18:48Z</time></trkpt><trkpt lat="42.383488" lon="2.189296"><ele>2082.978</ele><time>2014-08-19T08:19:04Z</time></trkpt><trkpt lat="42.383538" lon="2.189303"><ele>2081.333</ele><time>2014-08-19T08:19:13Z</time></trkpt><trkpt lat="42.383704" lon="2.189286"><ele>2085.526</ele><time>2014-08-19T08:19:27Z</time></trkpt><trkpt lat="42.383733" lon="2.189312"><ele>2084.907</ele><time>2014-08-19T08:19:30Z</time></trkpt><trkpt lat="42.383827" lon="2.189354"><ele>2086.584</ele><time>2014-08-19T08:19:42Z</time></trkpt><trkpt lat="42.383833" lon="2.189364"><ele>2086.084</ele><time>2014-08-19T08:19:43Z</time></trkpt><trkpt lat="42.383859" lon="2.189398"><ele>2084.948</ele><time>2014-08-19T08:19:46Z</time></trkpt><trkpt lat="42.383946" lon="2.189441"><ele>2089.011</ele><time>2014-08-19T08:19:57Z</time></trkpt><trkpt lat="42.383984" lon="2.189469"><ele>2090.683</ele><time>2014-08-19T08:20:07Z</time></trkpt><trkpt lat="42.384026" lon="2.189535"><ele>2089.699</ele><time>2014-08-19T08:20:13Z</time></trkpt><trkpt lat="42.384048" lon="2.189580"><ele>2088.397</ele><time>2014-08-19T08:20:17Z</time></trkpt><trkpt lat="42.384106" lon="2.189628"><ele>2090.396</ele><time>2014-08-19T08:20:29Z</time></trkpt><trkpt lat="42.384126" lon="2.189654"><ele>2090.331</ele><time>2014-08-19T08:20:32Z</time></trkpt><trkpt lat="42.384180" lon="2.189719"><ele>2090.524</ele><time>2014-08-19T08:20:37Z</time></trkpt><trkpt lat="42.384284" lon="2.189820"><ele>2091.707</ele><time>2014-08-19T08:20:48Z</time></trkpt><trkpt lat="42.384375" lon="2.189903"><ele>2092.636</ele><time>2014-08-19T08:21:00Z</time></trkpt><trkpt lat="42.384412" lon="2.189980"><ele>2089.126</ele><time>2014-08-19T08:21:08Z</time></trkpt><trkpt lat="42.384540" lon="2.190076"><ele>2089.220</ele><time>2014-08-19T08:21:24Z</time></trkpt><trkpt lat="42.384600" lon="2.190083"><ele>2092.123</ele><time>2014-08-19T08:21:35Z</time></trkpt><trkpt lat="42.384634" lon="2.190093"><ele>2093.155</ele><time>2014-08-19T08:21:42Z</time></trkpt><trkpt lat="42.384685" lon="2.190119"><ele>2093.551</ele><time>2014-08-19T08:21:48Z</time></trkpt><trkpt lat="42.384703" lon="2.190115"><ele>2094.949</ele><time>2014-08-19T08:21:50Z</time></trkpt><trkpt lat="42.384728" lon="2.190111"><ele>2096.796</ele><time>2014-08-19T08:21:53Z</time></trkpt><trkpt lat="42.384748" lon="2.190101"><ele>2098.531</ele><time>2014-08-19T08:21:55Z</time></trkpt><trkpt lat="42.384815" lon="2.190100"><ele>2101.324</ele><time>2014-08-19T08:22:04Z</time></trkpt><trkpt lat="42.384890" lon="2.190114"><ele>2103.307</ele><time>2014-08-19T08:22:18Z</time></trkpt><trkpt lat="42.384933" lon="2.190110"><ele>2105.456</ele><time>2014-08-19T08:22:22Z</time></trkpt><trkpt lat="42.384963" lon="2.190146"><ele>2104.316</ele><time>2014-08-19T08:22:26Z</time></trkpt><trkpt lat="42.385000" lon="2.190273"><ele>2098.330</ele><time>2014-08-19T08:22:36Z</time></trkpt><trkpt lat="42.384999" lon="2.190414"><ele>2096.513</ele><time>2014-08-19T08:22:50Z</time></trkpt><trkpt lat="42.384991" lon="2.190520"><ele>2094.755</ele><time>2014-08-19T08:23:04Z</time></trkpt><trkpt lat="42.385014" lon="2.190639"><ele>2090.391</ele><time>2014-08-19T08:23:16Z</time></trkpt><trkpt lat="42.385094" lon="2.190724"><ele>2090.029</ele><time>2014-08-19T08:23:28Z</time></trkpt><trkpt lat="42.385135" lon="2.190747"><ele>2091.726</ele><time>2014-08-19T08:23:42Z</time></trkpt><trkpt lat="42.385112" lon="2.190724"><ele>2091.147</ele><time>2014-08-19T08:23:46Z</time></trkpt><trkpt lat="42.385098" lon="2.190705"><ele>2091.111</ele><time>2014-08-19T08:23:48Z</time></trkpt><trkpt lat="42.385152" lon="2.190667"><ele>2095.807</ele><time>2014-08-19T08:23:55Z</time></trkpt><trkpt lat="42.385187" lon="2.190614"><ele>2099.349</ele><time>2014-08-19T08:23:59Z</time></trkpt><trkpt lat="42.385252" lon="2.190587"><ele>2102.659</ele><time>2014-08-19T08:24:10Z</time></trkpt><trkpt lat="42.385249" lon="2.190637"><ele>2101.523</ele><time>2014-08-19T08:24:17Z</time></trkpt><trkpt lat="42.385233" lon="2.190757"><ele>2098.026</ele><time>2014-08-19T08:24:34Z</time></trkpt><trkpt lat="42.385211" lon="2.190769"><ele>2096.268</ele><time>2014-08-19T08:24:55Z</time></trkpt><trkpt lat="42.385238" lon="2.190813"><ele>2097.124</ele><time>2014-08-19T08:25:03Z</time></trkpt><trkpt lat="42.385238" lon="2.190825"><ele>2096.972</ele><time>2014-08-19T08:25:10Z</time></trkpt><trkpt lat="42.385311" lon="2.190871"><ele>2102.541</ele><time>2014-08-19T08:25:26Z</time></trkpt><trkpt lat="42.385321" lon="2.190930"><ele>2103.981</ele><time>2014-08-19T08:25:48Z</time></trkpt><trkpt lat="42.385289" lon="2.190931"><ele>2101.809</ele><time>2014-08-19T08:26:12Z</time></trkpt><trkpt lat="42.385256" lon="2.190951"><ele>2099.807</ele><time>2014-08-19T08:26:22Z</time></trkpt><trkpt lat="42.385240" lon="2.190961"><ele>2098.921</ele><time>2014-08-19T08:26:24Z</time></trkpt><trkpt lat="42.385146" lon="2.191015"><ele>2094.591</ele><time>2014-08-19T08:26:38Z</time></trkpt><trkpt lat="42.385146" lon="2.191051"><ele>2095.555</ele><time>2014-08-19T08:26:55Z</time></trkpt><trkpt lat="42.385091" lon="2.191104"><ele>2094.768</ele><time>2014-08-19T08:27:10Z</time></trkpt><trkpt lat="42.385017" lon="2.191195"><ele>2095.150</ele><time>2014-08-19T08:30:08Z</time></trkpt><trkpt lat="42.384972" lon="2.191249"><ele>2094.976</ele><time>2014-08-19T08:30:26Z</time></trkpt><trkpt lat="42.384921" lon="2.191314"><ele>2094.974</ele><time>2014-08-19T08:30:41Z</time></trkpt><trkpt lat="42.384872" lon="2.191351"><ele>2093.967</ele><time>2014-08-19T08:30:55Z</time></trkpt><trkpt lat="42.384756" lon="2.191512"><ele>2095.881</ele><time>2014-08-19T08:31:10Z</time></trkpt><trkpt lat="42.384749" lon="2.191521"><ele>2095.919</ele><time>2014-08-19T08:31:11Z</time></trkpt><trkpt lat="42.384644" lon="2.191580"><ele>2095.707</ele><time>2014-08-19T08:31:24Z</time></trkpt><trkpt lat="42.384473" lon="2.191633"><ele>2094.613</ele><time>2014-08-19T08:31:41Z</time></trkpt><trkpt lat="42.384440" lon="2.191650"><ele>2094.623</ele><time>2014-08-19T08:31:44Z</time></trkpt><trkpt lat="42.384331" lon="2.191821"><ele>2094.767</ele><time>2014-08-19T08:32:00Z</time></trkpt><trkpt lat="42.384324" lon="2.191856"><ele>2096.490</ele><time>2014-08-19T08:32:03Z</time></trkpt><trkpt lat="42.384317" lon="2.191922"><ele>2100.132</ele><time>2014-08-19T08:32:17Z</time></trkpt><trkpt lat="42.384267" lon="2.192044"><ele>2099.368</ele><time>2014-08-19T08:32:28Z</time></trkpt><trkpt lat="42.384264" lon="2.192068"><ele>2099.176</ele><time>2014-08-19T08:32:33Z</time></trkpt><trkpt lat="42.384227" lon="2.192050"><ele>2097.036</ele><time>2014-08-19T08:32:37Z</time></trkpt><trkpt lat="42.384216" lon="2.192130"><ele>2095.817</ele><time>2014-08-19T08:32:47Z</time></trkpt><trkpt lat="42.384193" lon="2.192202"><ele>2093.418</ele><time>2014-08-19T08:32:55Z</time></trkpt><trkpt lat="42.384163" lon="2.192294"><ele>2091.807</ele><time>2014-08-19T08:33:03Z</time></trkpt><trkpt lat="42.384106" lon="2.192405"><ele>2089.130</ele><time>2014-08-19T08:33:13Z</time></trkpt><trkpt lat="42.384087" lon="2.192419"><ele>2087.980</ele><time>2014-08-19T08:33:15Z</time></trkpt><trkpt lat="42.383981" lon="2.192585"><ele>2082.854</ele><time>2014-08-19T08:33:28Z</time></trkpt><trkpt lat="42.383961" lon="2.192672"><ele>2082.457</ele><time>2014-08-19T08:33:35Z</time></trkpt><trkpt lat="42.383922" lon="2.192726"><ele>2080.039</ele><time>2014-08-19T08:33:40Z</time></trkpt><trkpt lat="42.383904" lon="2.192905"><ele>2077.675</ele><time>2014-08-19T08:33:55Z</time></trkpt><trkpt lat="42.383902" lon="2.193076"><ele>2075.383</ele><time>2014-08-19T08:34:09Z</time></trkpt><trkpt lat="42.383890" lon="2.193153"><ele>2073.478</ele><time>2014-08-19T08:34:17Z</time></trkpt><trkpt lat="42.383874" lon="2.193244"><ele>2071.533</ele><time>2014-08-19T08:34:32Z</time></trkpt><trkpt lat="42.383854" lon="2.193293"><ele>2069.526</ele><time>2014-08-19T08:34:50Z</time></trkpt><trkpt lat="42.383799" lon="2.193399"><ele>2066.007</ele><time>2014-08-19T08:35:02Z</time></trkpt><trkpt lat="42.383795" lon="2.193406"><ele>2065.844</ele><time>2014-08-19T08:35:03Z</time></trkpt><trkpt lat="42.383765" lon="2.193448"><ele>2064.244</ele><time>2014-08-19T08:35:08Z</time></trkpt><trkpt lat="42.383663" lon="2.193552"><ele>2058.578</ele><time>2014-08-19T08:35:24Z</time></trkpt><trkpt lat="42.383641" lon="2.193599"><ele>2057.911</ele><time>2014-08-19T08:35:34Z</time></trkpt><trkpt lat="42.383595" lon="2.193562"><ele>2053.963</ele><time>2014-08-19T08:35:44Z</time></trkpt><trkpt lat="42.383606" lon="2.193719"><ele>2054.539</ele><time>2014-08-19T08:35:59Z</time></trkpt><trkpt lat="42.383582" lon="2.193874"><ele>2050.857</ele><time>2014-08-19T08:36:11Z</time></trkpt><trkpt lat="42.383570" lon="2.193913"><ele>2050.867</ele><time>2014-08-19T08:36:14Z</time></trkpt><trkpt lat="42.383519" lon="2.194035"><ele>2051.581</ele><time>2014-08-19T08:36:26Z</time></trkpt><trkpt lat="42.383440" lon="2.194220"><ele>2048.419</ele><time>2014-08-19T08:36:43Z</time></trkpt><trkpt lat="42.383394" lon="2.194308"><ele>2044.807</ele><time>2014-08-19T08:37:05Z</time></trkpt><trkpt lat="42.383276" lon="2.194573"><ele>2039.863</ele><time>2014-08-19T08:37:24Z</time></trkpt><trkpt lat="42.383221" lon="2.194823"><ele>2043.393</ele><time>2014-08-19T08:37:40Z</time></trkpt><trkpt lat="42.383144" lon="2.195012"><ele>2042.517</ele><time>2014-08-19T08:37:55Z</time></trkpt><trkpt lat="42.383086" lon="2.195112"><ele>2037.360</ele><time>2014-08-19T08:38:05Z</time></trkpt><trkpt lat="42.383037" lon="2.195325"><ele>2037.522</ele><time>2014-08-19T08:38:21Z</time></trkpt><trkpt lat="42.383005" lon="2.195433"><ele>2045.558</ele><time>2014-08-19T08:38:32Z</time></trkpt><trkpt lat="42.382970" lon="2.195512"><ele>2050.276</ele><time>2014-08-19T08:38:48Z</time></trkpt><trkpt lat="42.382939" lon="2.195564"><ele>2051.994</ele><time>2014-08-19T08:39:01Z</time></trkpt><trkpt lat="42.382903" lon="2.195614"><ele>2050.757</ele><time>2014-08-19T08:39:13Z</time></trkpt><trkpt lat="42.382880" lon="2.195702"><ele>2050.922</ele><time>2014-08-19T08:39:26Z</time></trkpt><trkpt lat="42.382837" lon="2.195913"><ele>2049.807</ele><time>2014-08-19T08:39:44Z</time></trkpt><trkpt lat="42.382680" lon="2.196159"><ele>2042.496</ele><time>2014-08-19T08:40:07Z</time></trkpt><trkpt lat="42.382662" lon="2.196169"><ele>2041.726</ele><time>2014-08-19T08:40:09Z</time></trkpt><trkpt lat="42.382609" lon="2.196196"><ele>2039.890</ele><time>2014-08-19T08:40:13Z</time></trkpt><trkpt lat="42.382561" lon="2.196287"><ele>2039.083</ele><time>2014-08-19T08:40:31Z</time></trkpt><trkpt lat="42.382584" lon="2.196288"><ele>2040.085</ele><time>2014-08-19T08:41:02Z</time></trkpt><trkpt lat="42.382570" lon="2.196329"><ele>2040.011</ele><time>2014-08-19T08:41:39Z</time></trkpt><trkpt lat="42.382513" lon="2.196400"><ele>2038.129</ele><time>2014-08-19T08:41:50Z</time></trkpt><trkpt lat="42.382487" lon="2.196520"><ele>2032.418</ele><time>2014-08-19T08:42:01Z</time></trkpt><trkpt lat="42.382485" lon="2.196601"><ele>2029.298</ele><time>2014-08-19T08:42:11Z</time></trkpt><trkpt lat="42.382508" lon="2.196605"><ele>2029.717</ele><time>2014-08-19T08:42:13Z</time></trkpt><trkpt lat="42.382534" lon="2.196611"><ele>2030.207</ele><time>2014-08-19T08:42:16Z</time></trkpt><trkpt lat="42.382560" lon="2.196610"><ele>2030.968</ele><time>2014-08-19T08:42:18Z</time></trkpt><trkpt lat="42.382626" lon="2.196628"><ele>2032.038</ele><time>2014-08-19T08:42:27Z</time></trkpt><trkpt lat="42.382636" lon="2.196631"><ele>2032.192</ele><time>2014-08-19T08:42:28Z</time></trkpt><trkpt lat="42.382682" lon="2.196646"><ele>2032.645</ele><time>2014-08-19T08:42:33Z</time></trkpt><trkpt lat="42.382746" lon="2.196699"><ele>2031.087</ele><time>2014-08-19T08:42:44Z</time></trkpt><trkpt lat="42.382764" lon="2.196720"><ele>2030.073</ele><time>2014-08-19T08:42:46Z</time></trkpt><trkpt lat="42.382865" lon="2.196811"><ele>2033.451</ele><time>2014-08-19T08:43:00Z</time></trkpt><trkpt lat="42.382917" lon="2.196905"><ele>2032.768</ele><time>2014-08-19T08:43:11Z</time></trkpt><trkpt lat="42.382971" lon="2.197006"><ele>2034.242</ele><time>2014-08-19T08:43:25Z</time></trkpt><trkpt lat="42.383013" lon="2.197098"><ele>2036.126</ele><time>2014-08-19T08:43:40Z</time></trkpt><trkpt lat="42.383105" lon="2.197283"><ele>2039.207</ele><time>2014-08-19T08:44:01Z</time></trkpt><trkpt lat="42.383163" lon="2.197381"><ele>2039.953</ele><time>2014-08-19T08:44:18Z</time></trkpt><trkpt lat="42.383202" lon="2.197399"><ele>2042.753</ele><time>2014-08-19T08:44:48Z</time></trkpt><trkpt lat="42.383255" lon="2.197476"><ele>2043.387</ele><time>2014-08-19T08:45:03Z</time></trkpt><trkpt lat="42.383330" lon="2.197559"><ele>2046.270</ele><time>2014-08-19T08:45:21Z</time></trkpt><trkpt lat="42.383334" lon="2.197555"><ele>2046.752</ele><time>2014-08-19T08:45:22Z</time></trkpt><trkpt lat="42.383381" lon="2.197593"><ele>2049.538</ele><time>2014-08-19T08:45:38Z</time></trkpt><trkpt lat="42.383433" lon="2.197587"><ele>2054.776</ele><time>2014-08-19T08:45:51Z</time></trkpt><trkpt lat="42.383503" lon="2.197664"><ele>2058.291</ele><time>2014-08-19T08:46:01Z</time></trkpt><trkpt lat="42.383524" lon="2.197693"><ele>2059.081</ele><time>2014-08-19T08:46:17Z</time></trkpt><trkpt lat="42.383452" lon="2.197750"><ele>2049.719</ele><time>2014-08-19T08:46:36Z</time></trkpt><trkpt lat="42.383413" lon="2.197890"><ele>2050.807</ele><time>2014-08-19T08:46:54Z</time></trkpt><trkpt lat="42.383353" lon="2.197953"><ele>2046.966</ele><time>2014-08-19T08:47:08Z</time></trkpt><trkpt lat="42.383350" lon="2.198052"><ele>2051.166</ele><time>2014-08-19T08:47:25Z</time></trkpt><trkpt lat="42.383391" lon="2.198154"><ele>2056.490</ele><time>2014-08-19T08:47:40Z</time></trkpt><trkpt lat="42.383421" lon="2.198125"><ele>2060.273</ele><time>2014-08-19T08:48:06Z</time></trkpt><trkpt lat="42.383388" lon="2.198126"><ele>2056.175</ele><time>2014-08-19T08:48:39Z</time></trkpt><trkpt lat="42.383379" lon="2.198159"><ele>2055.031</ele><time>2014-08-19T08:48:54Z</time></trkpt><trkpt lat="42.383416" lon="2.198201"><ele>2059.019</ele><time>2014-08-19T08:49:22Z</time></trkpt><trkpt lat="42.383465" lon="2.198228"><ele>2064.089</ele><time>2014-08-19T08:49:39Z</time></trkpt><trkpt lat="42.383490" lon="2.198315"><ele>2064.906</ele><time>2014-08-19T08:50:09Z</time></trkpt><trkpt lat="42.383522" lon="2.198367"><ele>2066.626</ele><time>2014-08-19T08:50:15Z</time></trkpt><trkpt lat="42.383600" lon="2.198532"><ele>2069.107</ele><time>2014-08-19T08:50:34Z</time></trkpt><trkpt lat="42.383606" lon="2.198582"><ele>2068.455</ele><time>2014-08-19T08:50:48Z</time></trkpt><trkpt lat="42.383585" lon="2.198652"><ele>2067.925</ele><time>2014-08-19T08:51:04Z</time></trkpt><trkpt lat="42.383575" lon="2.198694"><ele>2069.019</ele><time>2014-08-19T08:51:35Z</time></trkpt><trkpt lat="42.383534" lon="2.198760"><ele>2069.512</ele><time>2014-08-19T08:51:50Z</time></trkpt><trkpt lat="42.383521" lon="2.198821"><ele>2071.844</ele><time>2014-08-19T08:51:55Z</time></trkpt><trkpt lat="42.383494" lon="2.198935"><ele>2076.520</ele><time>2014-08-19T08:52:03Z</time></trkpt><trkpt lat="42.383492" lon="2.198980"><ele>2079.018</ele><time>2014-08-19T08:52:17Z</time></trkpt><trkpt lat="42.383507" lon="2.198985"><ele>2079.841</ele><time>2014-08-19T08:53:08Z</time></trkpt><trkpt lat="42.383616" lon="2.198920"><ele>2081.181</ele><time>2014-08-19T08:53:21Z</time></trkpt><trkpt lat="42.383659" lon="2.198883"><ele>2085.609</ele><time>2014-08-19T08:53:34Z</time></trkpt><trkpt lat="42.383648" lon="2.198916"><ele>2085.507</ele><time>2014-08-19T08:54:07Z</time></trkpt><trkpt lat="42.383646" lon="2.198918"><ele>2085.361</ele><time>2014-08-19T08:54:08Z</time></trkpt><trkpt lat="42.383596" lon="2.199002"><ele>2083.891</ele><time>2014-08-19T08:54:29Z</time></trkpt><trkpt lat="42.383535" lon="2.199093"><ele>2086.565</ele><time>2014-08-19T08:54:45Z</time></trkpt><trkpt lat="42.383498" lon="2.199192"><ele>2088.938</ele><time>2014-08-19T08:55:03Z</time></trkpt><trkpt lat="42.383520" lon="2.199226"><ele>2088.850</ele><time>2014-08-19T08:55:16Z</time></trkpt><trkpt lat="42.383536" lon="2.199251"><ele>2088.796</ele><time>2014-08-19T08:55:20Z</time></trkpt><trkpt lat="42.383729" lon="2.199480"><ele>2098.434</ele><time>2014-08-19T08:55:43Z</time></trkpt><trkpt lat="42.383801" lon="2.199592"><ele>2099.322</ele><time>2014-08-19T08:55:57Z</time></trkpt><trkpt lat="42.383832" lon="2.199762"><ele>2093.362</ele><time>2014-08-19T08:56:14Z</time></trkpt><trkpt lat="42.383924" lon="2.199777"><ele>2099.608</ele><time>2014-08-19T08:56:30Z</time></trkpt><trkpt lat="42.383938" lon="2.199816"><ele>2099.307</ele><time>2014-08-19T08:56:45Z</time></trkpt><trkpt lat="42.383887" lon="2.199871"><ele>2091.439</ele><time>2014-08-19T08:56:59Z</time></trkpt><trkpt lat="42.383934" lon="2.199930"><ele>2094.039</ele><time>2014-08-19T08:57:11Z</time></trkpt><trkpt lat="42.383933" lon="2.199933"><ele>2093.883</ele><time>2014-08-19T08:57:12Z</time></trkpt><trkpt lat="42.383925" lon="2.199957"><ele>2091.776</ele><time>2014-08-19T08:57:16Z</time></trkpt><trkpt lat="42.383921" lon="2.200013"><ele>2088.528</ele><time>2014-08-19T08:57:32Z</time></trkpt><trkpt lat="42.383875" lon="2.200014"><ele>2083.914</ele><time>2014-08-19T08:57:38Z</time></trkpt><trkpt lat="42.383858" lon="2.200015"><ele>2083.462</ele><time>2014-08-19T08:57:40Z</time></trkpt><trkpt lat="42.383831" lon="2.200028"><ele>2081.933</ele><time>2014-08-19T08:57:45Z</time></trkpt><trkpt lat="42.383792" lon="2.200049"><ele>2079.423</ele><time>2014-08-19T08:57:50Z</time></trkpt><trkpt lat="42.383737" lon="2.200065"><ele>2076.615</ele><time>2014-08-19T08:58:01Z</time></trkpt><trkpt lat="42.383862" lon="2.200155"><ele>2074.907</ele><time>2014-08-19T08:58:18Z</time></trkpt><trkpt lat="42.383886" lon="2.200210"><ele>2072.830</ele><time>2014-08-19T08:58:24Z</time></trkpt><trkpt lat="42.383913" lon="2.200359"><ele>2063.970</ele><time>2014-08-19T08:58:42Z</time></trkpt><trkpt lat="42.383964" lon="2.200387"><ele>2065.574</ele><time>2014-08-19T08:58:56Z</time></trkpt><trkpt lat="42.383990" lon="2.200416"><ele>2064.917</ele><time>2014-08-19T08:59:11Z</time></trkpt><trkpt lat="42.384059" lon="2.200458"><ele>2066.199</ele><time>2014-08-19T08:59:25Z</time></trkpt><trkpt lat="42.384105" lon="2.200502"><ele>2065.235</ele><time>2014-08-19T08:59:43Z</time></trkpt><trkpt lat="42.384137" lon="2.200540"><ele>2063.643</ele><time>2014-08-19T08:59:59Z</time></trkpt><trkpt lat="42.384188" lon="2.200577"><ele>2063.985</ele><time>2014-08-19T09:00:14Z</time></trkpt><trkpt lat="42.384222" lon="2.200584"><ele>2066.989</ele><time>2014-08-19T09:00:34Z</time></trkpt><trkpt lat="42.384235" lon="2.200653"><ele>2059.617</ele><time>2014-08-19T09:00:50Z</time></trkpt><trkpt lat="42.384210" lon="2.200755"><ele>2044.707</ele><time>2014-08-19T09:01:03Z</time></trkpt><trkpt lat="42.384232" lon="2.200806"><ele>2040.185</ele><time>2014-08-19T09:02:48Z</time></trkpt><trkpt lat="42.384199" lon="2.200979"><ele>2037.115</ele><time>2014-08-19T09:03:53Z</time></trkpt><trkpt lat="42.384110" lon="2.200969"><ele>2031.939</ele><time>2014-08-19T09:23:33Z</time></trkpt><trkpt lat="42.384097" lon="2.200926"><ele>2030.492</ele><time>2014-08-19T09:23:50Z</time></trkpt><trkpt lat="42.384002" lon="2.200975"><ele>2027.254</ele><time>2014-08-19T09:24:06Z</time></trkpt><trkpt lat="42.383971" lon="2.201010"><ele>2026.740</ele><time>2014-08-19T09:24:19Z</time></trkpt><trkpt lat="42.383814" lon="2.201119"><ele>2021.978</ele><time>2014-08-19T09:24:36Z</time></trkpt><trkpt lat="42.383623" lon="2.201170"><ele>2014.359</ele><time>2014-08-19T09:24:51Z</time></trkpt><trkpt lat="42.383617" lon="2.201184"><ele>2015.203</ele><time>2014-08-19T09:24:53Z</time></trkpt><trkpt lat="42.383612" lon="2.201212"><ele>2017.523</ele><time>2014-08-19T09:24:55Z</time></trkpt><trkpt lat="42.383542" lon="2.201280"><ele>2020.107</ele><time>2014-08-19T09:25:09Z</time></trkpt><trkpt lat="42.383556" lon="2.201360"><ele>2028.542</ele><time>2014-08-19T09:25:40Z</time></trkpt><trkpt lat="42.383550" lon="2.201416"><ele>2032.832</ele><time>2014-08-19T09:25:47Z</time></trkpt><trkpt lat="42.383554" lon="2.201567"><ele>2043.366</ele><time>2014-08-19T09:26:02Z</time></trkpt><trkpt lat="42.383422" lon="2.201581"><ele>2035.949</ele><time>2014-08-19T09:26:11Z</time></trkpt><trkpt lat="42.383270" lon="2.201607"><ele>2027.111</ele><time>2014-08-19T09:26:20Z</time></trkpt><trkpt lat="42.383181" lon="2.201673"><ele>2023.947</ele><time>2014-08-19T09:26:34Z</time></trkpt><trkpt lat="42.383116" lon="2.201731"><ele>2022.335</ele><time>2014-08-19T09:26:47Z</time></trkpt><trkpt lat="42.383050" lon="2.201845"><ele>2023.439</ele><time>2014-08-19T09:27:00Z</time></trkpt><trkpt lat="42.383027" lon="2.201956"><ele>2028.601</ele><time>2014-08-19T09:27:10Z</time></trkpt><trkpt lat="42.382964" lon="2.202141"><ele>2036.321</ele><time>2014-08-19T09:27:32Z</time></trkpt><trkpt lat="42.382898" lon="2.202274"><ele>2041.007</ele><time>2014-08-19T09:27:48Z</time></trkpt><trkpt lat="42.382853" lon="2.202335"><ele>2042.730</ele><time>2014-08-19T09:28:08Z</time></trkpt><trkpt lat="42.382818" lon="2.202360"><ele>2042.870</ele><time>2014-08-19T09:28:41Z</time></trkpt><trkpt lat="42.382797" lon="2.202379"><ele>2043.194</ele><time>2014-08-19T09:28:44Z</time></trkpt><trkpt lat="42.382716" lon="2.202470"><ele>2046.567</ele><time>2014-08-19T09:29:00Z</time></trkpt><trkpt lat="42.382630" lon="2.202527"><ele>2047.929</ele><time>2014-08-19T09:29:14Z</time></trkpt><trkpt lat="42.382560" lon="2.202584"><ele>2048.645</ele><time>2014-08-19T09:29:27Z</time></trkpt><trkpt lat="42.382478" lon="2.202683"><ele>2049.483</ele><time>2014-08-19T09:29:43Z</time></trkpt><trkpt lat="42.382464" lon="2.202701"><ele>2049.379</ele><time>2014-08-19T09:29:59Z</time></trkpt><trkpt lat="42.382466" lon="2.202711"><ele>2049.605</ele><time>2014-08-19T09:30:02Z</time></trkpt><trkpt lat="42.382530" lon="2.202859"><ele>2054.525</ele><time>2014-08-19T09:30:19Z</time></trkpt><trkpt lat="42.382589" lon="2.203048"><ele>2059.007</ele><time>2014-08-19T09:30:38Z</time></trkpt><trkpt lat="42.382640" lon="2.203294"><ele>2062.114</ele><time>2014-08-19T09:30:58Z</time></trkpt><trkpt lat="42.382637" lon="2.203466"><ele>2064.034</ele><time>2014-08-19T09:31:12Z</time></trkpt><trkpt lat="42.382613" lon="2.203586"><ele>2064.788</ele><time>2014-08-19T09:31:25Z</time></trkpt><trkpt lat="42.382587" lon="2.203680"><ele>2066.191</ele><time>2014-08-19T09:31:35Z</time></trkpt><trkpt lat="42.382498" lon="2.203783"><ele>2065.113</ele><time>2014-08-19T09:31:50Z</time></trkpt><trkpt lat="42.382458" lon="2.203850"><ele>2065.289</ele><time>2014-08-19T09:31:59Z</time></trkpt><trkpt lat="42.382387" lon="2.203915"><ele>2063.547</ele><time>2014-08-19T09:32:13Z</time></trkpt><trkpt lat="42.382364" lon="2.204039"><ele>2066.845</ele><time>2014-08-19T09:32:26Z</time></trkpt><trkpt lat="42.382257" lon="2.204174"><ele>2065.447</ele><time>2014-08-19T09:32:40Z</time></trkpt><trkpt lat="42.382229" lon="2.204320"><ele>2069.511</ele><time>2014-08-19T09:32:54Z</time></trkpt><trkpt lat="42.382179" lon="2.204424"><ele>2071.307</ele><time>2014-08-19T09:33:08Z</time></trkpt><trkpt lat="42.382110" lon="2.204522"><ele>2072.141</ele><time>2014-08-19T09:33:23Z</time></trkpt><trkpt lat="42.382090" lon="2.204529"><ele>2071.581</ele><time>2014-08-19T09:33:27Z</time></trkpt><trkpt lat="42.382054" lon="2.204603"><ele>2072.825</ele><time>2014-08-19T09:33:39Z</time></trkpt><trkpt lat="42.382024" lon="2.204662"><ele>2073.898</ele><time>2014-08-19T09:33:55Z</time></trkpt><trkpt lat="42.382018" lon="2.204676"><ele>2074.120</ele><time>2014-08-19T09:33:57Z</time></trkpt><trkpt lat="42.382001" lon="2.204696"><ele>2074.266</ele><time>2014-08-19T09:33:59Z</time></trkpt><trkpt lat="42.381892" lon="2.204804"><ele>2074.754</ele><time>2014-08-19T09:34:13Z</time></trkpt><trkpt lat="42.381808" lon="2.204879"><ele>2075.065</ele><time>2014-08-19T09:34:24Z</time></trkpt><trkpt lat="42.381768" lon="2.204994"><ele>2078.168</ele><time>2014-08-19T09:34:38Z</time></trkpt><trkpt lat="42.381738" lon="2.205072"><ele>2079.514</ele><time>2014-08-19T09:34:46Z</time></trkpt><trkpt lat="42.381691" lon="2.205157"><ele>2080.407</ele><time>2014-08-19T09:34:59Z</time></trkpt><trkpt lat="42.381654" lon="2.205328"><ele>2083.623</ele><time>2014-08-19T09:35:16Z</time></trkpt><trkpt lat="42.381639" lon="2.205461"><ele>2085.463</ele><time>2014-08-19T09:35:27Z</time></trkpt><trkpt lat="42.381670" lon="2.205600"><ele>2087.877</ele><time>2014-08-19T09:35:43Z</time></trkpt><trkpt lat="42.381686" lon="2.205701"><ele>2087.950</ele><time>2014-08-19T09:35:55Z</time></trkpt><trkpt lat="42.381693" lon="2.205701"><ele>2088.332</ele><time>2014-08-19T09:36:10Z</time></trkpt><trkpt lat="42.381695" lon="2.205675"><ele>2088.568</ele><time>2014-08-19T09:36:33Z</time></trkpt><trkpt lat="42.381716" lon="2.205701"><ele>2089.536</ele><time>2014-08-19T09:36:54Z</time></trkpt><trkpt lat="42.381771" lon="2.205792"><ele>2092.146</ele><time>2014-08-19T09:37:44Z</time></trkpt><trkpt lat="42.381830" lon="2.205906"><ele>2094.388</ele><time>2014-08-19T09:37:56Z</time></trkpt><trkpt lat="42.381857" lon="2.206000"><ele>2094.616</ele><time>2014-08-19T09:38:02Z</time></trkpt><trkpt lat="42.381901" lon="2.206067"><ele>2096.607</ele><time>2014-08-19T09:38:09Z</time></trkpt><trkpt lat="42.381973" lon="2.206217"><ele>2099.081</ele><time>2014-08-19T09:38:28Z</time></trkpt><trkpt lat="42.382003" lon="2.206282"><ele>2100.191</ele><time>2014-08-19T09:38:50Z</time></trkpt><trkpt lat="42.382030" lon="2.206359"><ele>2100.765</ele><time>2014-08-19T09:38:59Z</time></trkpt><trkpt lat="42.382073" lon="2.206582"><ele>2102.668</ele><time>2014-08-19T09:39:18Z</time></trkpt><trkpt lat="42.382105" lon="2.206749"><ele>2105.610</ele><time>2014-08-19T09:39:37Z</time></trkpt><trkpt lat="42.382087" lon="2.206936"><ele>2105.756</ele><time>2014-08-19T09:39:59Z</time></trkpt><trkpt lat="42.382149" lon="2.206987"><ele>2111.614</ele><time>2014-08-19T09:40:18Z</time></trkpt><trkpt lat="42.382110" lon="2.207131"><ele>2110.972</ele><time>2014-08-19T09:40:31Z</time></trkpt><trkpt lat="42.382090" lon="2.207239"><ele>2111.613</ele><time>2014-08-19T09:40:48Z</time></trkpt><trkpt lat="42.382065" lon="2.207394"><ele>2115.114</ele><time>2014-08-19T09:41:07Z</time></trkpt><trkpt lat="42.382035" lon="2.207495"><ele>2116.707</ele><time>2014-08-19T09:41:24Z</time></trkpt><trkpt lat="42.382017" lon="2.207597"><ele>2119.874</ele><time>2014-08-19T09:41:38Z</time></trkpt><trkpt lat="42.381939" lon="2.207722"><ele>2119.554</ele><time>2014-08-19T09:41:55Z</time></trkpt><trkpt lat="42.381897" lon="2.207813"><ele>2120.918</ele><time>2014-08-19T09:42:10Z</time></trkpt><trkpt lat="42.381873" lon="2.207883"><ele>2122.731</ele><time>2014-08-19T09:42:29Z</time></trkpt><trkpt lat="42.381865" lon="2.207892"><ele>2122.793</ele><time>2014-08-19T09:42:34Z</time></trkpt><trkpt lat="42.381814" lon="2.208014"><ele>2125.979</ele><time>2014-08-19T09:42:52Z</time></trkpt><trkpt lat="42.381735" lon="2.208144"><ele>2127.487</ele><time>2014-08-19T09:43:11Z</time></trkpt><trkpt lat="42.381682" lon="2.208215"><ele>2127.376</ele><time>2014-08-19T09:43:25Z</time></trkpt><trkpt lat="42.381685" lon="2.208339"><ele>2130.990</ele><time>2014-08-19T09:43:43Z</time></trkpt><trkpt lat="42.381688" lon="2.208376"><ele>2131.219</ele><time>2014-08-19T09:43:46Z</time></trkpt><trkpt lat="42.381701" lon="2.208456"><ele>2132.007</ele><time>2014-08-19T09:43:52Z</time></trkpt><trkpt lat="42.381708" lon="2.208502"><ele>2132.594</ele><time>2014-08-19T09:43:56Z</time></trkpt><trkpt lat="42.381719" lon="2.208724"><ele>2133.954</ele><time>2014-08-19T09:44:16Z</time></trkpt><trkpt lat="42.381694" lon="2.208903"><ele>2134.348</ele><time>2014-08-19T09:44:35Z</time></trkpt><trkpt lat="42.381615" lon="2.209036"><ele>2127.271</ele><time>2014-08-19T09:44:56Z</time></trkpt><trkpt lat="42.381599" lon="2.209070"><ele>2124.553</ele><time>2014-08-19T09:45:15Z</time></trkpt><trkpt lat="42.381597" lon="2.209065"><ele>2124.619</ele><time>2014-08-19T09:45:23Z</time></trkpt><trkpt lat="42.381612" lon="2.209089"><ele>2124.747</ele><time>2014-08-19T09:45:57Z</time></trkpt><trkpt lat="42.381618" lon="2.209053"><ele>2126.762</ele><time>2014-08-19T09:46:14Z</time></trkpt><trkpt lat="42.381598" lon="2.209052"><ele>2125.383</ele><time>2014-08-19T09:47:07Z</time></trkpt><trkpt lat="42.381610" lon="2.209047"><ele>2126.411</ele><time>2014-08-19T09:47:30Z</time></trkpt><trkpt lat="42.381633" lon="2.208974"><ele>2130.807</ele><time>2014-08-19T09:48:07Z</time></trkpt><trkpt lat="42.381671" lon="2.208912"><ele>2134.333</ele><time>2014-08-19T09:48:43Z</time></trkpt><trkpt lat="42.381728" lon="2.208877"><ele>2134.353</ele><time>2014-08-19T09:49:23Z</time></trkpt><trkpt lat="42.381812" lon="2.208862"><ele>2133.947</ele><time>2014-08-19T09:49:36Z</time></trkpt><trkpt lat="42.381946" lon="2.208879"><ele>2132.510</ele><time>2014-08-19T09:49:51Z</time></trkpt><trkpt lat="42.381991" lon="2.208898"><ele>2133.242</ele><time>2014-08-19T09:49:55Z</time></trkpt><trkpt lat="42.382110" lon="2.209016"><ele>2131.258</ele><time>2014-08-19T09:50:09Z</time></trkpt><trkpt lat="42.382159" lon="2.209101"><ele>2128.766</ele><time>2014-08-19T09:50:15Z</time></trkpt><trkpt lat="42.382180" lon="2.209117"><ele>2128.732</ele><time>2014-08-19T09:50:17Z</time></trkpt><trkpt lat="42.382238" lon="2.209263"><ele>2123.592</ele><time>2014-08-19T09:50:26Z</time></trkpt><trkpt lat="42.382320" lon="2.209403"><ele>2120.411</ele><time>2014-08-19T09:50:35Z</time></trkpt><trkpt lat="42.382392" lon="2.209501"><ele>2120.107</ele><time>2014-08-19T09:50:41Z</time></trkpt><trkpt lat="42.382451" lon="2.209671"><ele>2118.070</ele><time>2014-08-19T09:50:51Z</time></trkpt><trkpt lat="42.382460" lon="2.209783"><ele>2115.180</ele><time>2014-08-19T09:50:58Z</time></trkpt><trkpt lat="42.382459" lon="2.209844"><ele>2113.244</ele><time>2014-08-19T09:51:02Z</time></trkpt><trkpt lat="42.382355" lon="2.209970"><ele>2105.227</ele><time>2014-08-19T09:51:10Z</time></trkpt><trkpt lat="42.382397" lon="2.210032"><ele>2105.199</ele><time>2014-08-19T09:51:16Z</time></trkpt><trkpt lat="42.382511" lon="2.210042"><ele>2107.965</ele><time>2014-08-19T09:51:23Z</time></trkpt><trkpt lat="42.382582" lon="2.210099"><ele>2106.123</ele><time>2014-08-19T09:51:30Z</time></trkpt><trkpt lat="42.382593" lon="2.210105"><ele>2106.025</ele><time>2014-08-19T09:51:31Z</time></trkpt><trkpt lat="42.382643" lon="2.210201"><ele>2101.726</ele><time>2014-08-19T09:51:39Z</time></trkpt><trkpt lat="42.382675" lon="2.210229"><ele>2100.808</ele><time>2014-08-19T09:51:43Z</time></trkpt><trkpt lat="42.382716" lon="2.210259"><ele>2099.907</ele><time>2014-08-19T09:51:48Z</time></trkpt><trkpt lat="42.382738" lon="2.210327"><ele>2096.779</ele><time>2014-08-19T09:51:54Z</time></trkpt><trkpt lat="42.382801" lon="2.210402"><ele>2094.559</ele><time>2014-08-19T09:52:01Z</time></trkpt><trkpt lat="42.382838" lon="2.210451"><ele>2093.113</ele><time>2014-08-19T09:52:06Z</time></trkpt><trkpt lat="42.382871" lon="2.210503"><ele>2091.496</ele><time>2014-08-19T09:52:11Z</time></trkpt><trkpt lat="42.382946" lon="2.210589"><ele>2089.258</ele><time>2014-08-19T09:52:19Z</time></trkpt><trkpt lat="42.382977" lon="2.210616"><ele>2088.874</ele><time>2014-08-19T09:52:23Z</time></trkpt><trkpt lat="42.383000" lon="2.210689"><ele>2085.872</ele><time>2014-08-19T09:52:29Z</time></trkpt><trkpt lat="42.383033" lon="2.210739"><ele>2084.227</ele><time>2014-08-19T09:52:34Z</time></trkpt><trkpt lat="42.383078" lon="2.210797"><ele>2082.968</ele><time>2014-08-19T09:52:40Z</time></trkpt><trkpt lat="42.383127" lon="2.210892"><ele>2080.414</ele><time>2014-08-19T09:52:48Z</time></trkpt><trkpt lat="42.383136" lon="2.210939"><ele>2078.507</ele><time>2014-08-19T09:52:52Z</time></trkpt><trkpt lat="42.383146" lon="2.210969"><ele>2077.469</ele><time>2014-08-19T09:52:54Z</time></trkpt><trkpt lat="42.383222" lon="2.211077"><ele>2074.819</ele><time>2014-08-19T09:53:08Z</time></trkpt><trkpt lat="42.383266" lon="2.211127"><ele>2073.853</ele><time>2014-08-19T09:53:13Z</time></trkpt><trkpt lat="42.383326" lon="2.211184"><ele>2073.166</ele><time>2014-08-19T09:53:19Z</time></trkpt><trkpt lat="42.383393" lon="2.211226"><ele>2073.628</ele><time>2014-08-19T09:53:33Z</time></trkpt><trkpt lat="42.383444" lon="2.211305"><ele>2071.674</ele><time>2014-08-19T09:53:42Z</time></trkpt><trkpt lat="42.383525" lon="2.211363"><ele>2071.972</ele><time>2014-08-19T09:53:52Z</time></trkpt><trkpt lat="42.383589" lon="2.211452"><ele>2070.894</ele><time>2014-08-19T09:54:01Z</time></trkpt><trkpt lat="42.383695" lon="2.211565"><ele>2073.157</ele><time>2014-08-19T09:54:12Z</time></trkpt><trkpt lat="42.383779" lon="2.211739"><ele>2073.122</ele><time>2014-08-19T09:54:30Z</time></trkpt><trkpt lat="42.383789" lon="2.211790"><ele>2073.007</ele><time>2014-08-19T09:54:35Z</time></trkpt><trkpt lat="42.383817" lon="2.211834"><ele>2074.076</ele><time>2014-08-19T09:54:39Z</time></trkpt><trkpt lat="42.383873" lon="2.211921"><ele>2076.366</ele><time>2014-08-19T09:54:47Z</time></trkpt><trkpt lat="42.383861" lon="2.211946"><ele>2075.280</ele><time>2014-08-19T09:54:49Z</time></trkpt><trkpt lat="42.383854" lon="2.212086"><ele>2074.053</ele><time>2014-08-19T09:54:58Z</time></trkpt><trkpt lat="42.383804" lon="2.212197"><ele>2070.865</ele><time>2014-08-19T09:55:05Z</time></trkpt><trkpt lat="42.383853" lon="2.212344"><ele>2071.071</ele><time>2014-08-19T09:55:19Z</time></trkpt><trkpt lat="42.383899" lon="2.212432"><ele>2071.079</ele><time>2014-08-19T09:55:29Z</time></trkpt><trkpt lat="42.383949" lon="2.212577"><ele>2069.783</ele><time>2014-08-19T09:55:46Z</time></trkpt><trkpt lat="42.383983" lon="2.212687"><ele>2067.525</ele><time>2014-08-19T09:56:07Z</time></trkpt><trkpt lat="42.383988" lon="2.212700"><ele>2067.317</ele><time>2014-08-19T09:56:09Z</time></trkpt><trkpt lat="42.384065" lon="2.212761"><ele>2066.807</ele><time>2014-08-19T09:56:24Z</time></trkpt><trkpt lat="42.384123" lon="2.212827"><ele>2065.265</ele><time>2014-08-19T09:56:36Z</time></trkpt><trkpt lat="42.384159" lon="2.212890"><ele>2063.475</ele><time>2014-08-19T09:56:52Z</time></trkpt><trkpt lat="42.384224" lon="2.212977"><ele>2062.689</ele><time>2014-08-19T09:57:06Z</time></trkpt><trkpt lat="42.384298" lon="2.213142"><ele>2059.682</ele><time>2014-08-19T09:57:22Z</time></trkpt><trkpt lat="42.384353" lon="2.213336"><ele>2055.644</ele><time>2014-08-19T09:57:37Z</time></trkpt><trkpt lat="42.384435" lon="2.213476"><ele>2054.010</ele><time>2014-08-19T09:57:50Z</time></trkpt><trkpt lat="42.384503" lon="2.213655"><ele>2053.018</ele><time>2014-08-19T09:58:08Z</time></trkpt><trkpt lat="42.384560" lon="2.213733"><ele>2055.374</ele><time>2014-08-19T09:58:20Z</time></trkpt><trkpt lat="42.384547" lon="2.213779"><ele>2053.156</ele><time>2014-08-19T09:58:24Z</time></trkpt><trkpt lat="42.384574" lon="2.213825"><ele>2054.221</ele><time>2014-08-19T09:58:28Z</time></trkpt><trkpt lat="42.384596" lon="2.213884"><ele>2054.807</ele><time>2014-08-19T09:58:32Z</time></trkpt><trkpt lat="42.384620" lon="2.214089"><ele>2049.524</ele><time>2014-08-19T09:58:47Z</time></trkpt><trkpt lat="42.384606" lon="2.214130"><ele>2046.924</ele><time>2014-08-19T09:58:50Z</time></trkpt><trkpt lat="42.384617" lon="2.214149"><ele>2047.178</ele><time>2014-08-19T09:58:52Z</time></trkpt><trkpt lat="42.384665" lon="2.214330"><ele>2045.431</ele><time>2014-08-19T09:59:09Z</time></trkpt><trkpt lat="42.384690" lon="2.214379"><ele>2045.743</ele><time>2014-08-19T09:59:14Z</time></trkpt><trkpt lat="42.384699" lon="2.214400"><ele>2045.739</ele><time>2014-08-19T09:59:16Z</time></trkpt><trkpt lat="42.384735" lon="2.214477"><ele>2046.887</ele><time>2014-08-19T09:59:25Z</time></trkpt><trkpt lat="42.384742" lon="2.214501"><ele>2047.114</ele><time>2014-08-19T09:59:27Z</time></trkpt><trkpt lat="42.384740" lon="2.214610"><ele>2043.954</ele><time>2014-08-19T09:59:35Z</time></trkpt><trkpt lat="42.384761" lon="2.214650"><ele>2045.209</ele><time>2014-08-19T09:59:38Z</time></trkpt><trkpt lat="42.384881" lon="2.214813"><ele>2053.707</ele><time>2014-08-19T09:59:55Z</time></trkpt><trkpt lat="42.384919" lon="2.215061"><ele>2052.798</ele><time>2014-08-19T10:00:14Z</time></trkpt><trkpt lat="42.384929" lon="2.215089"><ele>2053.158</ele><time>2014-08-19T10:00:18Z</time></trkpt><trkpt lat="42.384875" lon="2.215179"><ele>2044.392</ele><time>2014-08-19T10:00:23Z</time></trkpt><trkpt lat="42.384920" lon="2.215247"><ele>2047.625</ele><time>2014-08-19T10:00:30Z</time></trkpt><trkpt lat="42.384922" lon="2.215273"><ele>2047.137</ele><time>2014-08-19T10:00:32Z</time></trkpt><trkpt lat="42.384916" lon="2.215313"><ele>2044.833</ele><time>2014-08-19T10:00:34Z</time></trkpt><trkpt lat="42.384934" lon="2.215446"><ele>2040.461</ele><time>2014-08-19T10:00:47Z</time></trkpt><trkpt lat="42.384935" lon="2.215480"><ele>2038.944</ele><time>2014-08-19T10:00:50Z</time></trkpt><trkpt lat="42.384968" lon="2.215594"><ele>2037.305</ele><time>2014-08-19T10:00:58Z</time></trkpt><trkpt lat="42.384985" lon="2.215655"><ele>2037.915</ele><time>2014-08-19T10:01:02Z</time></trkpt><trkpt lat="42.385024" lon="2.215778"><ele>2039.407</ele><time>2014-08-19T10:01:11Z</time></trkpt><trkpt lat="42.385020" lon="2.215818"><ele>2038.661</ele><time>2014-08-19T10:01:13Z</time></trkpt><trkpt lat="42.385001" lon="2.215980"><ele>2035.571</ele><time>2014-08-19T10:01:29Z</time></trkpt><trkpt lat="42.384956" lon="2.216029"><ele>2032.125</ele><time>2014-08-19T10:01:48Z</time></trkpt><trkpt lat="42.384929" lon="2.216089"><ele>2029.948</ele><time>2014-08-19T10:01:53Z</time></trkpt><trkpt lat="42.384912" lon="2.216220"><ele>2027.130</ele><time>2014-08-19T10:02:08Z</time></trkpt><trkpt lat="42.384936" lon="2.216285"><ele>2027.846</ele><time>2014-08-19T10:02:16Z</time></trkpt><trkpt lat="42.384929" lon="2.216392"><ele>2025.844</ele><time>2014-08-19T10:02:28Z</time></trkpt><trkpt lat="42.384934" lon="2.216512"><ele>2024.366</ele><time>2014-08-19T10:02:35Z</time></trkpt><trkpt lat="42.384961" lon="2.216562"><ele>2025.529</ele><time>2014-08-19T10:02:39Z</time></trkpt><trkpt lat="42.384961" lon="2.216598"><ele>2025.021</ele><time>2014-08-19T10:02:41Z</time></trkpt><trkpt lat="42.384965" lon="2.216734"><ele>2023.007</ele><time>2014-08-19T10:02:50Z</time></trkpt><trkpt lat="42.385006" lon="2.216783"><ele>2025.463</ele><time>2014-08-19T10:02:55Z</time></trkpt><trkpt lat="42.385010" lon="2.216842"><ele>2024.843</ele><time>2014-08-19T10:02:58Z</time></trkpt><trkpt lat="42.385017" lon="2.216995"><ele>2023.767</ele><time>2014-08-19T10:03:05Z</time></trkpt><trkpt lat="42.385024" lon="2.217045"><ele>2024.340</ele><time>2014-08-19T10:03:09Z</time></trkpt><trkpt lat="42.385006" lon="2.217244"><ele>2022.582</ele><time>2014-08-19T10:03:21Z</time></trkpt><trkpt lat="42.385002" lon="2.217286"><ele>2022.258</ele><time>2014-08-19T10:03:23Z</time></trkpt><trkpt lat="42.385006" lon="2.217362"><ele>2022.466</ele><time>2014-08-19T10:03:37Z</time></trkpt><trkpt lat="42.385013" lon="2.217467"><ele>2022.961</ele><time>2014-08-19T10:03:51Z</time></trkpt><trkpt lat="42.385035" lon="2.217551"><ele>2023.921</ele><time>2014-08-19T10:03:58Z</time></trkpt><trkpt lat="42.385029" lon="2.217639"><ele>2022.913</ele><time>2014-08-19T10:04:07Z</time></trkpt><trkpt lat="42.385036" lon="2.217728"><ele>2022.707</ele><time>2014-08-19T10:04:13Z</time></trkpt><trkpt lat="42.385045" lon="2.217828"><ele>2022.493</ele><time>2014-08-19T10:04:19Z</time></trkpt><trkpt lat="42.385050" lon="2.217876"><ele>2022.353</ele><time>2014-08-19T10:04:22Z</time></trkpt><trkpt lat="42.385066" lon="2.218045"><ele>2021.457</ele><time>2014-08-19T10:04:34Z</time></trkpt><trkpt lat="42.385069" lon="2.218099"><ele>2020.970</ele><time>2014-08-19T10:04:40Z</time></trkpt><trkpt lat="42.385079" lon="2.218136"><ele>2020.922</ele><time>2014-08-19T10:04:43Z</time></trkpt><trkpt lat="42.385068" lon="2.218220"><ele>2019.418</ele><time>2014-08-19T10:04:50Z</time></trkpt><trkpt lat="42.385079" lon="2.218241"><ele>2019.596</ele><time>2014-08-19T10:04:52Z</time></trkpt><trkpt lat="42.385092" lon="2.218316"><ele>2018.915</ele><time>2014-08-19T10:04:57Z</time></trkpt><trkpt lat="42.385092" lon="2.218460"><ele>2014.265</ele><time>2014-08-19T10:05:08Z</time></trkpt><trkpt lat="42.385175" lon="2.218456"><ele>2015.711</ele><time>2014-08-19T10:05:18Z</time></trkpt><trkpt lat="42.385159" lon="2.218545"><ele>2011.807</ele><time>2014-08-19T10:05:30Z</time></trkpt><trkpt lat="42.385144" lon="2.218608"><ele>2009.128</ele><time>2014-08-19T10:05:51Z</time></trkpt><trkpt lat="42.385249" lon="2.218707"><ele>2006.028</ele><time>2014-08-19T10:06:04Z</time></trkpt><trkpt lat="42.385244" lon="2.218711"><ele>2005.912</ele><time>2014-08-19T10:06:05Z</time></trkpt><trkpt lat="42.385251" lon="2.218800"><ele>2003.115</ele><time>2014-08-19T10:06:14Z</time></trkpt><trkpt lat="42.385352" lon="2.218838"><ele>2001.357</ele><time>2014-08-19T10:06:29Z</time></trkpt><trkpt lat="42.385421" lon="2.218884"><ele>1999.273</ele><time>2014-08-19T10:06:36Z</time></trkpt><trkpt lat="42.385590" lon="2.218912"><ele>1997.651</ele><time>2014-08-19T10:06:53Z</time></trkpt><trkpt lat="42.385645" lon="2.218943"><ele>1997.047</ele><time>2014-08-19T10:06:57Z</time></trkpt><trkpt lat="42.385707" lon="2.218898"><ele>1997.429</ele><time>2014-08-19T10:07:03Z</time></trkpt><trkpt lat="42.385748" lon="2.218929"><ele>1996.921</ele><time>2014-08-19T10:07:08Z</time></trkpt><trkpt lat="42.385758" lon="2.218978"><ele>1996.507</ele><time>2014-08-19T10:07:12Z</time></trkpt><trkpt lat="42.385710" lon="2.218993"><ele>1996.441</ele><time>2014-08-19T10:07:17Z</time></trkpt><trkpt lat="42.385657" lon="2.219011"><ele>1996.211</ele><time>2014-08-19T10:07:22Z</time></trkpt><trkpt lat="42.385585" lon="2.219087"><ele>1995.225</ele><time>2014-08-19T10:07:32Z</time></trkpt><trkpt lat="42.385532" lon="2.219131"><ele>1994.648</ele><time>2014-08-19T10:07:40Z</time></trkpt><trkpt lat="42.385422" lon="2.219166"><ele>1994.590</ele><time>2014-08-19T10:07:57Z</time></trkpt><trkpt lat="42.385301" lon="2.219246"><ele>1993.636</ele><time>2014-08-19T10:08:23Z</time></trkpt><trkpt lat="42.385255" lon="2.219283"><ele>1993.014</ele><time>2014-08-19T10:08:42Z</time></trkpt><trkpt lat="42.385169" lon="2.219369"><ele>1991.652</ele><time>2014-08-19T10:12:22Z</time></trkpt><trkpt lat="42.385102" lon="2.219420"><ele>1990.653</ele><time>2014-08-19T10:12:30Z</time></trkpt><trkpt lat="42.384997" lon="2.219454"><ele>1989.908</ele><time>2014-08-19T10:12:39Z</time></trkpt><trkpt lat="42.384946" lon="2.219472"><ele>1989.207</ele><time>2014-08-19T10:12:44Z</time></trkpt><trkpt lat="42.384920" lon="2.219502"><ele>1988.622</ele><time>2014-08-19T10:12:47Z</time></trkpt><trkpt lat="42.384819" lon="2.219560"><ele>1987.332</ele><time>2014-08-19T10:13:00Z</time></trkpt><trkpt lat="42.384769" lon="2.219640"><ele>1986.656</ele><time>2014-08-19T10:13:09Z</time></trkpt><trkpt lat="42.384699" lon="2.219727"><ele>1987.019</ele><time>2014-08-19T10:13:27Z</time></trkpt><trkpt lat="42.384711" lon="2.219730"><ele>1986.681</ele><time>2014-08-19T10:13:34Z</time></trkpt><trkpt lat="42.384678" lon="2.219785"><ele>1989.217</ele><time>2014-08-19T10:13:38Z</time></trkpt><trkpt lat="42.384737" lon="2.219844"><ele>1989.135</ele><time>2014-08-19T10:13:54Z</time></trkpt><trkpt lat="42.384790" lon="2.219884"><ele>1989.972</ele><time>2014-08-19T10:14:03Z</time></trkpt><trkpt lat="42.384880" lon="2.219999"><ele>1991.813</ele><time>2014-08-19T10:14:21Z</time></trkpt><trkpt lat="42.384954" lon="2.220157"><ele>1994.614</ele><time>2014-08-19T10:14:40Z</time></trkpt><trkpt lat="42.385006" lon="2.220293"><ele>1995.207</ele><time>2014-08-19T10:15:00Z</time></trkpt><trkpt lat="42.384973" lon="2.220380"><ele>1997.664</ele><time>2014-08-19T10:15:15Z</time></trkpt><trkpt lat="42.384954" lon="2.220474"><ele>1999.534</ele><time>2014-08-19T10:15:34Z</time></trkpt><trkpt lat="42.384884" lon="2.220515"><ele>2002.448</ele><time>2014-08-19T10:16:15Z</time></trkpt><trkpt lat="42.384803" lon="2.220617"><ele>2004.991</ele><time>2014-08-19T10:16:32Z</time></trkpt><trkpt lat="42.384725" lon="2.220639"><ele>2006.783</ele><time>2014-08-19T10:16:48Z</time></trkpt><trkpt lat="42.384648" lon="2.220665"><ele>2009.969</ele><time>2014-08-19T10:16:59Z</time></trkpt><trkpt lat="42.384566" lon="2.220675"><ele>2013.457</ele><time>2014-08-19T10:17:15Z</time></trkpt><trkpt lat="42.384583" lon="2.220684"><ele>2012.491</ele><time>2014-08-19T10:17:22Z</time></trkpt><trkpt lat="42.384561" lon="2.220815"><ele>2008.781</ele><time>2014-08-19T10:17:37Z</time></trkpt><trkpt lat="42.384509" lon="2.220855"><ele>2009.419</ele><time>2014-08-19T10:17:58Z</time></trkpt><trkpt lat="42.384464" lon="2.220848"><ele>2010.507</ele><time>2014-08-19T10:18:04Z</time></trkpt><trkpt lat="42.384337" lon="2.220834"><ele>2016.056</ele><time>2014-08-19T10:18:20Z</time></trkpt><trkpt lat="42.384219" lon="2.220861"><ele>2020.836</ele><time>2014-08-19T10:18:38Z</time></trkpt><trkpt lat="42.384173" lon="2.220940"><ele>2020.340</ele><time>2014-08-19T10:18:57Z</time></trkpt><trkpt lat="42.384028" lon="2.220958"><ele>2028.273</ele><time>2014-08-19T10:19:16Z</time></trkpt><trkpt lat="42.383936" lon="2.221056"><ele>2027.615</ele><time>2014-08-19T10:19:35Z</time></trkpt><trkpt lat="42.383857" lon="2.221158"><ele>2026.641</ele><time>2014-08-19T10:19:53Z</time></trkpt><trkpt lat="42.383822" lon="2.221194"><ele>2027.549</ele><time>2014-08-19T10:19:59Z</time></trkpt><trkpt lat="42.383764" lon="2.221205"><ele>2030.035</ele><time>2014-08-19T10:20:18Z</time></trkpt><trkpt lat="42.383679" lon="2.221258"><ele>2032.286</ele><time>2014-08-19T10:20:49Z</time></trkpt><trkpt lat="42.383636" lon="2.221242"><ele>2034.714</ele><time>2014-08-19T10:21:08Z</time></trkpt><trkpt lat="42.383551" lon="2.221225"><ele>2040.007</ele><time>2014-08-19T10:21:25Z</time></trkpt><trkpt lat="42.383440" lon="2.221274"><ele>2044.880</ele><time>2014-08-19T10:21:49Z</time></trkpt><trkpt lat="42.383399" lon="2.221321"><ele>2045.580</ele><time>2014-08-19T10:22:06Z</time></trkpt><trkpt lat="42.383426" lon="2.221370"><ele>2042.034</ele><time>2014-08-19T10:22:20Z</time></trkpt><trkpt lat="42.383384" lon="2.221384"><ele>2044.167</ele><time>2014-08-19T10:22:34Z</time></trkpt><trkpt lat="42.383341" lon="2.221455"><ele>2044.739</ele><time>2014-08-19T10:22:55Z</time></trkpt><trkpt lat="42.383338" lon="2.221499"><ele>2043.625</ele><time>2014-08-19T10:23:16Z</time></trkpt><trkpt lat="42.383290" lon="2.221533"><ele>2044.973</ele><time>2014-08-19T10:23:33Z</time></trkpt><trkpt lat="42.383272" lon="2.221430"><ele>2049.038</ele><time>2014-08-19T10:23:51Z</time></trkpt><trkpt lat="42.383246" lon="2.221419"><ele>2050.770</ele><time>2014-08-19T10:24:12Z</time></trkpt><trkpt lat="42.383281" lon="2.221379"><ele>2050.217</ele><time>2014-08-19T10:24:20Z</time></trkpt><trkpt lat="42.383293" lon="2.221347"><ele>2050.707</ele><time>2014-08-19T10:24:22Z</time></trkpt><trkpt lat="42.383394" lon="2.221242"><ele>2048.790</ele><time>2014-08-19T10:24:34Z</time></trkpt><trkpt lat="42.383440" lon="2.221159"><ele>2049.180</ele><time>2014-08-19T10:24:45Z</time></trkpt><trkpt lat="42.383468" lon="2.221025"><ele>2053.014</ele><time>2014-08-19T10:25:00Z</time></trkpt><trkpt lat="42.383491" lon="2.220941"><ele>2055.467</ele><time>2014-08-19T10:25:12Z</time></trkpt><trkpt lat="42.383492" lon="2.220870"><ele>2058.419</ele><time>2014-08-19T10:25:25Z</time></trkpt><trkpt lat="42.383549" lon="2.220784"><ele>2059.545</ele><time>2014-08-19T10:25:41Z</time></trkpt><trkpt lat="42.383578" lon="2.220707"><ele>2061.833</ele><time>2014-08-19T10:26:37Z</time></trkpt><trkpt lat="42.383681" lon="2.220687"><ele>2058.748</ele><time>2014-08-19T10:26:51Z</time></trkpt><trkpt lat="42.383717" lon="2.220646"><ele>2059.261</ele><time>2014-08-19T10:26:57Z</time></trkpt><trkpt lat="42.383736" lon="2.220628"><ele>2059.317</ele><time>2014-08-19T10:26:59Z</time></trkpt><trkpt lat="42.383763" lon="2.220617"><ele>2058.707</ele><time>2014-08-19T10:27:02Z</time></trkpt><trkpt lat="42.383785" lon="2.220615"><ele>2057.931</ele><time>2014-08-19T10:27:05Z</time></trkpt><trkpt lat="42.383913" lon="2.220479"><ele>2055.351</ele><time>2014-08-19T10:27:20Z</time></trkpt><trkpt lat="42.383990" lon="2.220368"><ele>2050.925</ele><time>2014-08-19T10:27:31Z</time></trkpt><trkpt lat="42.383999" lon="2.220292"><ele>2050.668</ele><time>2014-08-19T10:27:36Z</time></trkpt><trkpt lat="42.383972" lon="2.220152"><ele>2051.030</ele><time>2014-08-19T10:27:47Z</time></trkpt><trkpt lat="42.383980" lon="2.220091"><ele>2049.656</ele><time>2014-08-19T10:27:52Z</time></trkpt><trkpt lat="42.383912" lon="2.219977"><ele>2052.664</ele><time>2014-08-19T10:28:06Z</time></trkpt><trkpt lat="42.383926" lon="2.219923"><ele>2049.955</ele><time>2014-08-19T10:28:12Z</time></trkpt><trkpt lat="42.383954" lon="2.219851"><ele>2045.307</ele><time>2014-08-19T10:28:22Z</time></trkpt><trkpt lat="42.383940" lon="2.219758"><ele>2043.417</ele><time>2014-08-19T10:28:34Z</time></trkpt><trkpt lat="42.383862" lon="2.219610"><ele>2047.507</ele><time>2014-08-19T10:28:48Z</time></trkpt><trkpt lat="42.383827" lon="2.219557"><ele>2049.732</ele><time>2014-08-19T10:28:54Z</time></trkpt><trkpt lat="42.383818" lon="2.219492"><ele>2049.362</ele><time>2014-08-19T10:29:10Z</time></trkpt><trkpt lat="42.383825" lon="2.219466"><ele>2048.266</ele><time>2014-08-19T10:29:12Z</time></trkpt><trkpt lat="42.383863" lon="2.219391"><ele>2042.649</ele><time>2014-08-19T10:29:20Z</time></trkpt><trkpt lat="42.383868" lon="2.219380"><ele>2041.831</ele><time>2014-08-19T10:29:21Z</time></trkpt><trkpt lat="42.383907" lon="2.219275"><ele>2034.887</ele><time>2014-08-19T10:29:37Z</time></trkpt><trkpt lat="42.383937" lon="2.219237"><ele>2030.695</ele><time>2014-08-19T10:29:45Z</time></trkpt><trkpt lat="42.383957" lon="2.219175"><ele>2026.724</ele><time>2014-08-19T10:29:56Z</time></trkpt><trkpt lat="42.383948" lon="2.219157"><ele>2026.904</ele><time>2014-08-19T10:29:58Z</time></trkpt><trkpt lat="42.383952" lon="2.219107"><ele>2024.514</ele><time>2014-08-19T10:30:02Z</time></trkpt><trkpt lat="42.383939" lon="2.219029"><ele>2022.607</ele><time>2014-08-19T10:30:08Z</time></trkpt><trkpt lat="42.383925" lon="2.218900"><ele>2018.839</ele><time>2014-08-19T10:30:19Z</time></trkpt><trkpt lat="42.383952" lon="2.218865"><ele>2014.769</ele><time>2014-08-19T10:30:21Z</time></trkpt><trkpt lat="42.383952" lon="2.218690"><ele>2008.273</ele><time>2014-08-19T10:30:36Z</time></trkpt><trkpt lat="42.383890" lon="2.218525"><ele>2009.086</ele><time>2014-08-19T10:30:48Z</time></trkpt><trkpt lat="42.383885" lon="2.218449"><ele>2008.618</ele><time>2014-08-19T10:30:56Z</time></trkpt><trkpt lat="42.383840" lon="2.218359"><ele>2011.994</ele><time>2014-08-19T10:31:04Z</time></trkpt><trkpt lat="42.383816" lon="2.218169"><ele>2011.932</ele><time>2014-08-19T10:31:16Z</time></trkpt><trkpt lat="42.383773" lon="2.218007"><ele>2012.752</ele><time>2014-08-19T10:31:27Z</time></trkpt><trkpt lat="42.383759" lon="2.217901"><ele>2010.153</ele><time>2014-08-19T10:31:35Z</time></trkpt><trkpt lat="42.383602" lon="2.217731"><ele>2018.308</ele><time>2014-08-19T10:31:50Z</time></trkpt><trkpt lat="42.383504" lon="2.217544"><ele>2016.807</ele><time>2014-08-19T10:32:04Z</time></trkpt><trkpt lat="42.383486" lon="2.217512"><ele>2016.992</ele><time>2014-08-19T10:32:07Z</time></trkpt><trkpt lat="42.383468" lon="2.217461"><ele>2016.152</ele><time>2014-08-19T10:32:11Z</time></trkpt><trkpt lat="42.383474" lon="2.217417"><ele>2013.846</ele><time>2014-08-19T10:32:14Z</time></trkpt><trkpt lat="42.383478" lon="2.217377"><ele>2011.889</ele><time>2014-08-19T10:32:17Z</time></trkpt><trkpt lat="42.383463" lon="2.217342"><ele>2011.391</ele><time>2014-08-19T10:32:20Z</time></trkpt><trkpt lat="42.383431" lon="2.217197"><ele>2007.037</ele><time>2014-08-19T10:32:34Z</time></trkpt><trkpt lat="42.383334" lon="2.217085"><ele>2007.165</ele><time>2014-08-19T10:32:49Z</time></trkpt><trkpt lat="42.383325" lon="2.217020"><ele>2003.976</ele><time>2014-08-19T10:33:00Z</time></trkpt><trkpt lat="42.383336" lon="2.216974"><ele>2000.690</ele><time>2014-08-19T10:33:04Z</time></trkpt><trkpt lat="42.383258" lon="2.216875"><ele>2002.119</ele><time>2014-08-19T10:33:14Z</time></trkpt><trkpt lat="42.383230" lon="2.216859"><ele>2003.507</ele><time>2014-08-19T10:33:16Z</time></trkpt><trkpt lat="42.383199" lon="2.216792"><ele>2003.144</ele><time>2014-08-19T10:33:24Z</time></trkpt><trkpt lat="42.383178" lon="2.216689"><ele>2000.564</ele><time>2014-08-19T10:33:31Z</time></trkpt><trkpt lat="42.383197" lon="2.216648"><ele>1997.978</ele><time>2014-08-19T10:33:35Z</time></trkpt><trkpt lat="42.383192" lon="2.216527"><ele>1995.441</ele><time>2014-08-19T10:33:49Z</time></trkpt><trkpt lat="42.383131" lon="2.216436"><ele>1997.353</ele><time>2014-08-19T10:34:02Z</time></trkpt><trkpt lat="42.383091" lon="2.216420"><ele>1999.539</ele><time>2014-08-19T10:34:09Z</time></trkpt><trkpt lat="42.383079" lon="2.216449"><ele>2001.017</ele><time>2014-08-19T10:34:12Z</time></trkpt><trkpt lat="42.383049" lon="2.216557"><ele>2005.848</ele><time>2014-08-19T10:34:22Z</time></trkpt><trkpt lat="42.383049" lon="2.216600"><ele>2006.861</ele><time>2014-08-19T10:34:35Z</time></trkpt><trkpt lat="42.382990" lon="2.216483"><ele>2008.617</ele><time>2014-08-19T10:34:47Z</time></trkpt><trkpt lat="42.382924" lon="2.216279"><ele>2008.507</ele><time>2014-08-19T10:35:07Z</time></trkpt><trkpt lat="42.382873" lon="2.216202"><ele>2010.391</ele><time>2014-08-19T10:35:16Z</time></trkpt><trkpt lat="42.382773" lon="2.216102"><ele>2015.091</ele><time>2014-08-19T10:35:32Z</time></trkpt><trkpt lat="42.382712" lon="2.216023"><ele>2016.285</ele><time>2014-08-19T10:35:52Z</time></trkpt><trkpt lat="42.382670" lon="2.215978"><ele>2017.558</ele><time>2014-08-19T10:36:08Z</time></trkpt><trkpt lat="42.382645" lon="2.215976"><ele>2019.290</ele><time>2014-08-19T10:36:26Z</time></trkpt><trkpt lat="42.382612" lon="2.215934"><ele>2019.946</ele><time>2014-08-19T10:36:31Z</time></trkpt><trkpt lat="42.382543" lon="2.215856"><ele>2021.884</ele><time>2014-08-19T10:36:40Z</time></trkpt><trkpt lat="42.382451" lon="2.215734"><ele>2022.732</ele><time>2014-08-19T10:36:51Z</time></trkpt><trkpt lat="42.382372" lon="2.215583"><ele>2021.092</ele><time>2014-08-19T10:37:04Z</time></trkpt><trkpt lat="42.382331" lon="2.215536"><ele>2021.211</ele><time>2014-08-19T10:37:09Z</time></trkpt><trkpt lat="42.382271" lon="2.215411"><ele>2018.907</ele><time>2014-08-19T10:37:18Z</time></trkpt><trkpt lat="42.382123" lon="2.215298"><ele>2021.570</ele><time>2014-08-19T10:37:29Z</time></trkpt><trkpt lat="42.382020" lon="2.215142"><ele>2020.230</ele><time>2014-08-19T10:37:44Z</time></trkpt><trkpt lat="42.381963" lon="2.215133"><ele>2022.464</ele><time>2014-08-19T10:37:57Z</time></trkpt><trkpt lat="42.381961" lon="2.215133"><ele>2022.517</ele><time>2014-08-19T10:37:59Z</time></trkpt><trkpt lat="42.381834" lon="2.215081"><ele>2024.629</ele><time>2014-08-19T10:38:10Z</time></trkpt><trkpt lat="42.381804" lon="2.215056"><ele>2024.525</ele><time>2014-08-19T10:38:13Z</time></trkpt><trkpt lat="42.381769" lon="2.215039"><ele>2024.843</ele><time>2014-08-19T10:38:17Z</time></trkpt><trkpt lat="42.381674" lon="2.215065"><ele>2028.836</ele><time>2014-08-19T10:38:31Z</time></trkpt><trkpt lat="42.381636" lon="2.215037"><ele>2028.217</ele><time>2014-08-19T10:38:42Z</time></trkpt><trkpt lat="42.381594" lon="2.215026"><ele>2028.318</ele><time>2014-08-19T10:38:46Z</time></trkpt><trkpt lat="42.381517" lon="2.215021"><ele>2029.307</ele><time>2014-08-19T10:38:52Z</time></trkpt><trkpt lat="42.381368" lon="2.215024"><ele>2031.560</ele><time>2014-08-19T10:39:07Z</time></trkpt><trkpt lat="42.381185" lon="2.214997"><ele>2030.670</ele><time>2014-08-19T10:39:23Z</time></trkpt><trkpt lat="42.380988" lon="2.214991"><ele>2031.414</ele><time>2014-08-19T10:39:40Z</time></trkpt><trkpt lat="42.380964" lon="2.215014"><ele>2032.997</ele><time>2014-08-19T10:39:43Z</time></trkpt><trkpt lat="42.380930" lon="2.215021"><ele>2033.699</ele><time>2014-08-19T10:39:47Z</time></trkpt><trkpt lat="42.380879" lon="2.215008"><ele>2033.135</ele><time>2014-08-19T10:39:53Z</time></trkpt><trkpt lat="42.380771" lon="2.214921"><ele>2028.243</ele><time>2014-08-19T10:40:07Z</time></trkpt><trkpt lat="42.380715" lon="2.214872"><ele>2025.061</ele><time>2014-08-19T10:40:14Z</time></trkpt><trkpt lat="42.380606" lon="2.214773"><ele>2018.421</ele><time>2014-08-19T10:40:26Z</time></trkpt><trkpt lat="42.380555" lon="2.214775"><ele>2018.213</ele><time>2014-08-19T10:40:30Z</time></trkpt><trkpt lat="42.380444" lon="2.214665"><ele>2012.007</ele><time>2014-08-19T10:40:43Z</time></trkpt><trkpt lat="42.380276" lon="2.214529"><ele>2004.243</ele><time>2014-08-19T10:40:58Z</time></trkpt><trkpt lat="42.380254" lon="2.214524"><ele>2004.423</ele><time>2014-08-19T10:41:00Z</time></trkpt><trkpt lat="42.379737" lon="2.214311"><ele>1997.867</ele><time>2014-08-19T10:41:12Z</time></trkpt><trkpt lat="42.379611" lon="2.214372"><ele>2001.840</ele><time>2014-08-19T10:41:16Z</time></trkpt><trkpt lat="42.379518" lon="2.214460"><ele>2007.162</ele><time>2014-08-19T10:41:21Z</time></trkpt><trkpt lat="42.379480" lon="2.214441"><ele>2005.838</ele><time>2014-08-19T10:41:25Z</time></trkpt><trkpt lat="42.379472" lon="2.214395"><ele>2003.356</ele><time>2014-08-19T10:41:26Z</time></trkpt><trkpt lat="42.379448" lon="2.214365"><ele>2001.796</ele><time>2014-08-19T10:41:29Z</time></trkpt><trkpt lat="42.379436" lon="2.214359"><ele>2001.831</ele><time>2014-08-19T10:41:30Z</time></trkpt><trkpt lat="42.379383" lon="2.214353"><ele>2004.024</ele><time>2014-08-19T10:41:34Z</time></trkpt><trkpt lat="42.379293" lon="2.214273"><ele>2003.207</ele><time>2014-08-19T10:41:44Z</time></trkpt><trkpt lat="42.379161" lon="2.214208"><ele>2004.186</ele><time>2014-08-19T10:41:59Z</time></trkpt><trkpt lat="42.379126" lon="2.214174"><ele>2002.496</ele><time>2014-08-19T10:42:04Z</time></trkpt><trkpt lat="42.379110" lon="2.214159"><ele>2001.870</ele><time>2014-08-19T10:42:06Z</time></trkpt><trkpt lat="42.378985" lon="2.214090"><ele>2000.963</ele><time>2014-08-19T10:42:37Z</time></trkpt><trkpt lat="42.379204" lon="2.214164"><ele>1999.575</ele><time>2014-08-19T10:42:56Z</time></trkpt><trkpt lat="42.379291" lon="2.214142"><ele>1995.271</ele><time>2014-08-19T10:43:04Z</time></trkpt><trkpt lat="42.379329" lon="2.214136"><ele>1993.519</ele><time>2014-08-19T10:43:05Z</time></trkpt><trkpt lat="42.379347" lon="2.214068"><ele>1989.399</ele><time>2014-08-19T10:43:09Z</time></trkpt><trkpt lat="42.379297" lon="2.213979"><ele>1986.507</ele><time>2014-08-19T10:43:19Z</time></trkpt><trkpt lat="42.379264" lon="2.213994"><ele>1988.627</ele><time>2014-08-19T10:43:22Z</time></trkpt><trkpt lat="42.379221" lon="2.213980"><ele>1989.507</ele><time>2014-08-19T10:43:25Z</time></trkpt><trkpt lat="42.379165" lon="2.213937"><ele>1989.586</ele><time>2014-08-19T10:43:33Z</time></trkpt><trkpt lat="42.379122" lon="2.213906"><ele>1988.726</ele><time>2014-08-19T10:43:39Z</time></trkpt><trkpt lat="42.379066" lon="2.213867"><ele>1987.680</ele><time>2014-08-19T10:43:45Z</time></trkpt><trkpt lat="42.379025" lon="2.213778"><ele>1983.423</ele><time>2014-08-19T10:43:51Z</time></trkpt><trkpt lat="42.378985" lon="2.213694"><ele>1979.535</ele><time>2014-08-19T10:44:00Z</time></trkpt><trkpt lat="42.378964" lon="2.213654"><ele>1977.711</ele><time>2014-08-19T10:44:04Z</time></trkpt><trkpt lat="42.378855" lon="2.213576"><ele>1978.289</ele><time>2014-08-19T10:44:14Z</time></trkpt><trkpt lat="42.378745" lon="2.213570"><ele>1984.755</ele><time>2014-08-19T10:44:26Z</time></trkpt><trkpt lat="42.378667" lon="2.213468"><ele>1984.507</ele><time>2014-08-19T10:44:54Z</time></trkpt><trkpt lat="42.378663" lon="2.213434"><ele>1983.017</ele><time>2014-08-19T10:44:57Z</time></trkpt><trkpt lat="42.378586" lon="2.213373"><ele>1983.407</ele><time>2014-08-19T10:45:00Z</time></trkpt><trkpt lat="42.378571" lon="2.213295"><ele>1980.192</ele><time>2014-08-19T10:45:07Z</time></trkpt><trkpt lat="42.378581" lon="2.213147"><ele>1972.892</ele><time>2014-08-19T10:45:19Z</time></trkpt><trkpt lat="42.378563" lon="2.213015"><ele>1967.836</ele><time>2014-08-19T10:45:25Z</time></trkpt><trkpt lat="42.378568" lon="2.213024"><ele>1967.939</ele><time>2014-08-19T10:45:27Z</time></trkpt><trkpt lat="42.378529" lon="2.212868"><ele>1963.341</ele><time>2014-08-19T10:45:39Z</time></trkpt><trkpt lat="42.378499" lon="2.212817"><ele>1962.567</ele><time>2014-08-19T10:45:44Z</time></trkpt><trkpt lat="42.378462" lon="2.212811"><ele>1963.975</ele><time>2014-08-19T10:45:48Z</time></trkpt><trkpt lat="42.378437" lon="2.212812"><ele>1965.057</ele><time>2014-08-19T10:45:56Z</time></trkpt><trkpt lat="42.378423" lon="2.212684"><ele>1960.600</ele><time>2014-08-19T10:46:00Z</time></trkpt><trkpt lat="42.378409" lon="2.212615"><ele>1958.720</ele><time>2014-08-19T10:46:05Z</time></trkpt><trkpt lat="42.378335" lon="2.212567"><ele>1960.307</ele><time>2014-08-19T10:46:09Z</time></trkpt><trkpt lat="42.378297" lon="2.212537"><ele>1961.312</ele><time>2014-08-19T10:46:13Z</time></trkpt><trkpt lat="42.378251" lon="2.212495"><ele>1962.362</ele><time>2014-08-19T10:46:17Z</time></trkpt><trkpt lat="42.378217" lon="2.212459"><ele>1962.656</ele><time>2014-08-19T10:46:21Z</time></trkpt><trkpt lat="42.378131" lon="2.212368"><ele>1963.179</ele><time>2014-08-19T10:46:32Z</time></trkpt><trkpt lat="42.378129" lon="2.212369"><ele>1963.381</ele><time>2014-08-19T10:46:33Z</time></trkpt><trkpt lat="42.378126" lon="2.212350"><ele>1962.697</ele><time>2014-08-19T10:46:37Z</time></trkpt><trkpt lat="42.378174" lon="2.212283"><ele>1957.415</ele><time>2014-08-19T10:46:40Z</time></trkpt><trkpt lat="42.378131" lon="2.212203"><ele>1955.921</ele><time>2014-08-19T10:46:45Z</time></trkpt><trkpt lat="42.378121" lon="2.212176"><ele>1955.241</ele><time>2014-08-19T10:46:48Z</time></trkpt><trkpt lat="42.378114" lon="2.212129"><ele>1953.405</ele><time>2014-08-19T10:46:52Z</time></trkpt><trkpt lat="42.378121" lon="2.212041"><ele>1949.307</ele><time>2014-08-19T10:47:00Z</time></trkpt><trkpt lat="42.378082" lon="2.211876"><ele>1943.989</ele><time>2014-08-19T10:47:14Z</time></trkpt><trkpt lat="42.378075" lon="2.211843"><ele>1942.899</ele><time>2014-08-19T10:47:16Z</time></trkpt><trkpt lat="42.378066" lon="2.211791"><ele>1941.053</ele><time>2014-08-19T10:47:24Z</time></trkpt><trkpt lat="42.377964" lon="2.211774"><ele>1943.516</ele><time>2014-08-19T10:48:02Z</time></trkpt><trkpt lat="42.377888" lon="2.211654"><ele>1940.368</ele><time>2014-08-19T10:48:14Z</time></trkpt><trkpt lat="42.377806" lon="2.211548"><ele>1938.174</ele><time>2014-08-19T10:48:25Z</time></trkpt><trkpt lat="42.377753" lon="2.211466"><ele>1936.092</ele><time>2014-08-19T10:48:35Z</time></trkpt><trkpt lat="42.377705" lon="2.211430"><ele>1935.958</ele><time>2014-08-19T10:48:40Z</time></trkpt><trkpt lat="42.377638" lon="2.211359"><ele>1934.952</ele><time>2014-08-19T10:48:49Z</time></trkpt><trkpt lat="42.377613" lon="2.211333"><ele>1934.617</ele><time>2014-08-19T10:48:52Z</time></trkpt><trkpt lat="42.377582" lon="2.211278"><ele>1933.207</ele><time>2014-08-19T10:48:56Z</time></trkpt><trkpt lat="42.377534" lon="2.211038"><ele>1924.232</ele><time>2014-08-19T10:49:07Z</time></trkpt><trkpt lat="42.377501" lon="2.211056"><ele>1925.662</ele><time>2014-08-19T10:49:12Z</time></trkpt><trkpt lat="42.377494" lon="2.211025"><ele>1924.446</ele><time>2014-08-19T10:49:22Z</time></trkpt><trkpt lat="42.377455" lon="2.210979"><ele>1923.529</ele><time>2014-08-19T10:49:26Z</time></trkpt><trkpt lat="42.377454" lon="2.210950"><ele>1922.391</ele><time>2014-08-19T10:49:31Z</time></trkpt><trkpt lat="42.377480" lon="2.210951"><ele>1921.647</ele><time>2014-08-19T10:49:44Z</time></trkpt><trkpt lat="42.377444" lon="2.210844"><ele>1918.195</ele><time>2014-08-19T10:50:01Z</time></trkpt><trkpt lat="42.377411" lon="2.210810"><ele>1917.688</ele><time>2014-08-19T10:50:06Z</time></trkpt><trkpt lat="42.377366" lon="2.210801"><ele>1918.524</ele><time>2014-08-19T10:50:15Z</time></trkpt><trkpt lat="42.377308" lon="2.210795"><ele>1919.826</ele><time>2014-08-19T10:50:29Z</time></trkpt><trkpt lat="42.377391" lon="2.210762"><ele>1916.107</ele><time>2014-08-19T10:50:49Z</time></trkpt><trkpt lat="42.377401" lon="2.210760"><ele>1915.895</ele><time>2014-08-19T10:50:51Z</time></trkpt><trkpt lat="42.377445" lon="2.210756"><ele>1914.425</ele><time>2014-08-19T10:50:54Z</time></trkpt><trkpt lat="42.377522" lon="2.210763"><ele>1912.869</ele><time>2014-08-19T10:51:00Z</time></trkpt><trkpt lat="42.377547" lon="2.210685"><ele>1909.372</ele><time>2014-08-19T10:51:09Z</time></trkpt><trkpt lat="42.377461" lon="2.210594"><ele>1907.464</ele><time>2014-08-19T10:51:19Z</time></trkpt><trkpt lat="42.377430" lon="2.210513"><ele>1904.690</ele><time>2014-08-19T10:51:30Z</time></trkpt><trkpt lat="42.377457" lon="2.210479"><ele>1902.578</ele><time>2014-08-19T10:51:37Z</time></trkpt><trkpt lat="42.377569" lon="2.210457"><ele>1899.682</ele><time>2014-08-19T10:51:49Z</time></trkpt><trkpt lat="42.377641" lon="2.210422"><ele>1896.943</ele><time>2014-08-19T10:51:59Z</time></trkpt><trkpt lat="42.377527" lon="2.210343"><ele>1895.417</ele><time>2014-08-19T10:52:09Z</time></trkpt><trkpt lat="42.377416" lon="2.210293"><ele>1894.907</ele><time>2014-08-19T10:52:19Z</time></trkpt><trkpt lat="42.377407" lon="2.210239"><ele>1892.475</ele><time>2014-08-19T10:52:30Z</time></trkpt><trkpt lat="42.377557" lon="2.210269"><ele>1891.755</ele><time>2014-08-19T10:52:40Z</time></trkpt><trkpt lat="42.377597" lon="2.210239"><ele>1889.729</ele><time>2014-08-19T10:52:54Z</time></trkpt><trkpt lat="42.377568" lon="2.210205"><ele>1888.312</ele><time>2014-08-19T10:53:02Z</time></trkpt><trkpt lat="42.377526" lon="2.210150"><ele>1885.964</ele><time>2014-08-19T10:53:17Z</time></trkpt><trkpt lat="42.377565" lon="2.210147"><ele>1885.460</ele><time>2014-08-19T10:53:24Z</time></trkpt><trkpt lat="42.377698" lon="2.210117"><ele>1883.128</ele><time>2014-08-19T10:53:38Z</time></trkpt><trkpt lat="42.377644" lon="2.210071"><ele>1881.326</ele><time>2014-08-19T10:53:44Z</time></trkpt><trkpt lat="42.377558" lon="2.210026"><ele>1879.347</ele><time>2014-08-19T10:53:56Z</time></trkpt><trkpt lat="42.377463" lon="2.209937"><ele>1876.511</ele><time>2014-08-19T10:54:04Z</time></trkpt><trkpt lat="42.377447" lon="2.209936"><ele>1876.807</ele><time>2014-08-19T10:54:06Z</time></trkpt><trkpt lat="42.377408" lon="2.209924"><ele>1877.499</ele><time>2014-08-19T10:54:17Z</time></trkpt><trkpt lat="42.377392" lon="2.209885"><ele>1876.359</ele><time>2014-08-19T10:54:30Z</time></trkpt><trkpt lat="42.377405" lon="2.209833"><ele>1874.083</ele><time>2014-08-19T10:54:38Z</time></trkpt><trkpt lat="42.377381" lon="2.209766"><ele>1872.126</ele><time>2014-08-19T10:54:49Z</time></trkpt><trkpt lat="42.377329" lon="2.209675"><ele>1870.068</ele><time>2014-08-19T10:54:56Z</time></trkpt><trkpt lat="42.377368" lon="2.209597"><ele>1865.644</ele><time>2014-08-19T10:55:11Z</time></trkpt><trkpt lat="42.377462" lon="2.209574"><ele>1862.282</ele><time>2014-08-19T10:55:19Z</time></trkpt><trkpt lat="42.377485" lon="2.209574"><ele>1861.514</ele><time>2014-08-19T10:55:22Z</time></trkpt><trkpt lat="42.377498" lon="2.209488"><ele>1857.854</ele><time>2014-08-19T10:55:34Z</time></trkpt><trkpt lat="42.377428" lon="2.209423"><ele>1856.909</ele><time>2014-08-19T10:55:47Z</time></trkpt><trkpt lat="42.377390" lon="2.209320"><ele>1853.507</ele><time>2014-08-19T10:56:00Z</time></trkpt><trkpt lat="42.377292" lon="2.209252"><ele>1852.648</ele><time>2014-08-19T10:56:26Z</time></trkpt><trkpt lat="42.377332" lon="2.209238"><ele>1851.228</ele><time>2014-08-19T10:56:37Z</time></trkpt><trkpt lat="42.377349" lon="2.209227"><ele>1850.372</ele><time>2014-08-19T10:56:40Z</time></trkpt><trkpt lat="42.377392" lon="2.209251"><ele>1850.525</ele><time>2014-08-19T10:56:51Z</time></trkpt><trkpt lat="42.377550" lon="2.209284"><ele>1848.577</ele><time>2014-08-19T10:57:04Z</time></trkpt><trkpt lat="42.377569" lon="2.209268"><ele>1847.593</ele><time>2014-08-19T10:57:19Z</time></trkpt><trkpt lat="42.377554" lon="2.209292"><ele>1848.841</ele><time>2014-08-19T10:57:44Z</time></trkpt><trkpt lat="42.377572" lon="2.209286"><ele>1848.184</ele><time>2014-08-19T10:57:48Z</time></trkpt><trkpt lat="42.377467" lon="2.209146"><ele>1844.707</ele><time>2014-08-19T10:57:58Z</time></trkpt><trkpt lat="42.377354" lon="2.209031"><ele>1841.517</ele><time>2014-08-19T10:58:09Z</time></trkpt><trkpt lat="42.377319" lon="2.208960"><ele>1838.807</ele><time>2014-08-19T10:58:17Z</time></trkpt><trkpt lat="42.377209" lon="2.208876"><ele>1836.715</ele><time>2014-08-19T10:58:31Z</time></trkpt><trkpt lat="42.377194" lon="2.208855"><ele>1836.185</ele><time>2014-08-19T10:58:32Z</time></trkpt><trkpt lat="42.377223" lon="2.208848"><ele>1835.169</ele><time>2014-08-19T10:58:46Z</time></trkpt><trkpt lat="42.377198" lon="2.208797"><ele>1833.212</ele><time>2014-08-19T10:58:54Z</time></trkpt><trkpt lat="42.377128" lon="2.208696"><ele>1829.454</ele><time>2014-08-19T10:59:03Z</time></trkpt><trkpt lat="42.377099" lon="2.208680"><ele>1829.040</ele><time>2014-08-19T10:59:14Z</time></trkpt><trkpt lat="42.377063" lon="2.208638"><ele>1827.278</ele><time>2014-08-19T10:59:19Z</time></trkpt><trkpt lat="42.377007" lon="2.208637"><ele>1827.882</ele><time>2014-08-19T10:59:29Z</time></trkpt><trkpt lat="42.376936" lon="2.208548"><ele>1822.743</ele><time>2014-08-19T10:59:39Z</time></trkpt><trkpt lat="42.376922" lon="2.208499"><ele>1819.817</ele><time>2014-08-19T10:59:43Z</time></trkpt><trkpt lat="42.376856" lon="2.208413"><ele>1816.607</ele><time>2014-08-19T10:59:57Z</time></trkpt><trkpt lat="42.376858" lon="2.208459"><ele>1819.675</ele><time>2014-08-19T11:00:02Z</time></trkpt><trkpt lat="42.376784" lon="2.208431"><ele>1820.915</ele><time>2014-08-19T11:00:08Z</time></trkpt><trkpt lat="42.376766" lon="2.208438"><ele>1822.149</ele><time>2014-08-19T11:00:09Z</time></trkpt><trkpt lat="42.376725" lon="2.208446"><ele>1824.292</ele><time>2014-08-19T11:00:14Z</time></trkpt><trkpt lat="42.376676" lon="2.208427"><ele>1825.344</ele><time>2014-08-19T11:00:18Z</time></trkpt><trkpt lat="42.376601" lon="2.208433"><ele>1827.540</ele><time>2014-08-19T11:00:21Z</time></trkpt><trkpt lat="42.376543" lon="2.208407"><ele>1827.588</ele><time>2014-08-19T11:00:32Z</time></trkpt><trkpt lat="42.376536" lon="2.208407"><ele>1827.745</ele><time>2014-08-19T11:00:35Z</time></trkpt><trkpt lat="42.376538" lon="2.208231"><ele>1818.447</ele><time>2014-08-19T11:00:45Z</time></trkpt><trkpt lat="42.376472" lon="2.208177"><ele>1817.211</ele><time>2014-08-19T11:00:58Z</time></trkpt><trkpt lat="42.376409" lon="2.208117"><ele>1815.607</ele><time>2014-08-19T11:01:08Z</time></trkpt><trkpt lat="42.376274" lon="2.208001"><ele>1810.331</ele><time>2014-08-19T11:01:22Z</time></trkpt><trkpt lat="42.376192" lon="2.207870"><ele>1803.441</ele><time>2014-08-19T11:01:35Z</time></trkpt><trkpt lat="42.376117" lon="2.207799"><ele>1799.255</ele><time>2014-08-19T11:01:45Z</time></trkpt><trkpt lat="42.376074" lon="2.207797"><ele>1798.998</ele><time>2014-08-19T11:01:50Z</time></trkpt><trkpt lat="42.376000" lon="2.207802"><ele>1798.840</ele><time>2014-08-19T11:01:57Z</time></trkpt><trkpt lat="42.376008" lon="2.207758"><ele>1796.666</ele><time>2014-08-19T11:02:07Z</time></trkpt><trkpt lat="42.376014" lon="2.207763"><ele>1796.914</ele><time>2014-08-19T11:02:08Z</time></trkpt><trkpt lat="42.376038" lon="2.207755"><ele>1796.594</ele><time>2014-08-19T11:02:11Z</time></trkpt><trkpt lat="42.376121" lon="2.207686"><ele>1792.557</ele><time>2014-08-19T11:02:23Z</time></trkpt><trkpt lat="42.376169" lon="2.207635"><ele>1790.122</ele><time>2014-08-19T11:02:35Z</time></trkpt><trkpt lat="42.376097" lon="2.207653"><ele>1790.507</ele><time>2014-08-19T11:02:47Z</time></trkpt><trkpt lat="42.376054" lon="2.207633"><ele>1789.686</ele><time>2014-08-19T11:02:51Z</time></trkpt><trkpt lat="42.375966" lon="2.207644"><ele>1790.886</ele><time>2014-08-19T11:02:57Z</time></trkpt><trkpt lat="42.375959" lon="2.207670"><ele>1792.150</ele><time>2014-08-19T11:02:59Z</time></trkpt><trkpt lat="42.375902" lon="2.207683"><ele>1793.073</ele><time>2014-08-19T11:03:11Z</time></trkpt><trkpt lat="42.375943" lon="2.207519"><ele>1784.965</ele><time>2014-08-19T11:03:30Z</time></trkpt><trkpt lat="42.376024" lon="2.207467"><ele>1781.011</ele><time>2014-08-19T11:03:44Z</time></trkpt><trkpt lat="42.375981" lon="2.207401"><ele>1778.989</ele><time>2014-08-19T11:03:58Z</time></trkpt><trkpt lat="42.375939" lon="2.207458"><ele>1782.347</ele><time>2014-08-19T11:04:10Z</time></trkpt><trkpt lat="42.375835" lon="2.207413"><ele>1782.529</ele><time>2014-08-19T11:04:24Z</time></trkpt><trkpt lat="42.375758" lon="2.207405"><ele>1785.221</ele><time>2014-08-19T11:04:31Z</time></trkpt><trkpt lat="42.375710" lon="2.207463"><ele>1789.407</ele><time>2014-08-19T11:04:40Z</time></trkpt><trkpt lat="42.375658" lon="2.207441"><ele>1790.611</ele><time>2014-08-19T11:04:45Z</time></trkpt><trkpt lat="42.375622" lon="2.207419"><ele>1791.281</ele><time>2014-08-19T11:05:00Z</time></trkpt><trkpt lat="42.375575" lon="2.207412"><ele>1792.755</ele><time>2014-08-19T11:07:45Z</time></trkpt><trkpt lat="42.375549" lon="2.207395"><ele>1793.038</ele><time>2014-08-19T11:07:49Z</time></trkpt><trkpt lat="42.375484" lon="2.207278"><ele>1790.150</ele><time>2014-08-19T11:07:58Z</time></trkpt><trkpt lat="42.375482" lon="2.207167"><ele>1785.836</ele><time>2014-08-19T11:08:04Z</time></trkpt><trkpt lat="42.375454" lon="2.207117"><ele>1784.844</ele><time>2014-08-19T11:08:09Z</time></trkpt><trkpt lat="42.375394" lon="2.207079"><ele>1785.367</ele><time>2014-08-19T11:08:15Z</time></trkpt><trkpt lat="42.375374" lon="2.207037"><ele>1784.581</ele><time>2014-08-19T11:08:18Z</time></trkpt><trkpt lat="42.375339" lon="2.206941"><ele>1782.719</ele><time>2014-08-19T11:08:29Z</time></trkpt><trkpt lat="42.375328" lon="2.206886"><ele>1781.207</ele><time>2014-08-19T11:08:35Z</time></trkpt><trkpt lat="42.375304" lon="2.206825"><ele>1780.193</ele><time>2014-08-19T11:08:45Z</time></trkpt><trkpt lat="42.375361" lon="2.206842"><ele>1778.493</ele><time>2014-08-19T11:08:55Z</time></trkpt><trkpt lat="42.375397" lon="2.206876"><ele>1778.257</ele><time>2014-08-19T11:08:58Z</time></trkpt><trkpt lat="42.375423" lon="2.206890"><ele>1777.720</ele><time>2014-08-19T11:09:07Z</time></trkpt><trkpt lat="42.375567" lon="2.206999"><ele>1776.892</ele><time>2014-08-19T11:09:22Z</time></trkpt><trkpt lat="42.375575" lon="2.206992"><ele>1776.288</ele><time>2014-08-19T11:09:23Z</time></trkpt><trkpt lat="42.375595" lon="2.206925"><ele>1772.996</ele><time>2014-08-19T11:09:30Z</time></trkpt><trkpt lat="42.375617" lon="2.206842"><ele>1768.768</ele><time>2014-08-19T11:09:42Z</time></trkpt><trkpt lat="42.375572" lon="2.206783"><ele>1767.642</ele><time>2014-08-19T11:09:51Z</time></trkpt><trkpt lat="42.375528" lon="2.206690"><ele>1765.326</ele><time>2014-08-19T11:10:03Z</time></trkpt><trkpt lat="42.375490" lon="2.206679"><ele>1766.607</ele><time>2014-08-19T11:10:05Z</time></trkpt><trkpt lat="42.375411" lon="2.206551"><ele>1765.623</ele><time>2014-08-19T11:10:17Z</time></trkpt><trkpt lat="42.375402" lon="2.206494"><ele>1763.953</ele><time>2014-08-19T11:10:23Z</time></trkpt><trkpt lat="42.375338" lon="2.206268"><ele>1757.127</ele><time>2014-08-19T11:10:37Z</time></trkpt><trkpt lat="42.375251" lon="2.206123"><ele>1752.670</ele><time>2014-08-19T11:10:46Z</time></trkpt><trkpt lat="42.375218" lon="2.206069"><ele>1751.332</ele><time>2014-08-19T11:10:52Z</time></trkpt><trkpt lat="42.375133" lon="2.206041"><ele>1753.528</ele><time>2014-08-19T11:11:04Z</time></trkpt><trkpt lat="42.375084" lon="2.205998"><ele>1753.876</ele><time>2014-08-19T11:11:14Z</time></trkpt><trkpt lat="42.374962" lon="2.205953"><ele>1757.416</ele><time>2014-08-19T11:11:22Z</time></trkpt><trkpt lat="42.374854" lon="2.205946"><ele>1761.376</ele><time>2014-08-19T11:11:50Z</time></trkpt><trkpt lat="42.375013" lon="2.205937"><ele>1754.813</ele><time>2014-08-19T11:11:57Z</time></trkpt><trkpt lat="42.375098" lon="2.205967"><ele>1752.107</ele><time>2014-08-19T11:12:04Z</time></trkpt><trkpt lat="42.375127" lon="2.205962"><ele>1750.648</ele><time>2014-08-19T11:12:07Z</time></trkpt><trkpt lat="42.375162" lon="2.205867"><ele>1745.298</ele><time>2014-08-19T11:12:17Z</time></trkpt><trkpt lat="42.375145" lon="2.205853"><ele>1745.532</ele><time>2014-08-19T11:12:21Z</time></trkpt><trkpt lat="42.375101" lon="2.205808"><ele>1746.155</ele><time>2014-08-19T11:12:33Z</time></trkpt><trkpt lat="42.375074" lon="2.205749"><ele>1745.437</ele><time>2014-08-19T11:12:41Z</time></trkpt><trkpt lat="42.375094" lon="2.205744"><ele>1744.353</ele><time>2014-08-19T11:12:48Z</time></trkpt><trkpt lat="42.375251" lon="2.205788"><ele>1738.061</ele><time>2014-08-19T11:13:00Z</time></trkpt><trkpt lat="42.375261" lon="2.205745"><ele>1736.391</ele><time>2014-08-19T11:13:04Z</time></trkpt><trkpt lat="42.375186" lon="2.205674"><ele>1737.781</ele><time>2014-08-19T11:13:15Z</time></trkpt><trkpt lat="42.375158" lon="2.205687"><ele>1739.419</ele><time>2014-08-19T11:13:29Z</time></trkpt><trkpt lat="42.375224" lon="2.205664"><ele>1735.607</ele><time>2014-08-19T11:13:43Z</time></trkpt><trkpt lat="42.375395" lon="2.205540"><ele>1725.716</ele><time>2014-08-19T11:14:01Z</time></trkpt><trkpt lat="42.375488" lon="2.205501"><ele>1721.386</ele><time>2014-08-19T11:14:18Z</time></trkpt><trkpt lat="42.375428" lon="2.205434"><ele>1721.010</ele><time>2014-08-19T11:14:35Z</time></trkpt><trkpt lat="42.375282" lon="2.205376"><ele>1724.063</ele><time>2014-08-19T11:14:50Z</time></trkpt><trkpt lat="42.374975" lon="2.205318"><ele>1734.365</ele><time>2014-08-19T11:15:49Z</time></trkpt><trkpt lat="42.374966" lon="2.205269"><ele>1732.981</ele><time>2014-08-19T11:16:22Z</time></trkpt><trkpt lat="42.375018" lon="2.205290"><ele>1731.729</ele><time>2014-08-19T11:16:34Z</time></trkpt><trkpt lat="42.375101" lon="2.205315"><ele>1729.344</ele><time>2014-08-19T11:16:49Z</time></trkpt><trkpt lat="42.375327" lon="2.205256"><ele>1718.405</ele><time>2014-08-19T11:17:05Z</time></trkpt><trkpt lat="42.375423" lon="2.205110"><ele>1709.715</ele><time>2014-08-19T11:17:18Z</time></trkpt><trkpt lat="42.375436" lon="2.205080"><ele>1708.207</ele><time>2014-08-19T11:17:41Z</time></trkpt><trkpt lat="42.375387" lon="2.205013"><ele>1707.561</ele><time>2014-08-19T11:17:51Z</time></trkpt><trkpt lat="42.375376" lon="2.204977"><ele>1706.711</ele><time>2014-08-19T11:17:53Z</time></trkpt><trkpt lat="42.375293" lon="2.204895"><ele>1707.085</ele><time>2014-08-19T11:18:00Z</time></trkpt><trkpt lat="42.375344" lon="2.204924"><ele>1706.138</ele><time>2014-08-19T11:18:03Z</time></trkpt><trkpt lat="42.375274" lon="2.204840"><ele>1706.090</ele><time>2014-08-19T11:18:12Z</time></trkpt><trkpt lat="42.375122" lon="2.204707"><ele>1708.226</ele><time>2014-08-19T11:18:36Z</time></trkpt><trkpt lat="42.375055" lon="2.204571"><ele>1705.944</ele><time>2014-08-19T11:18:52Z</time></trkpt><trkpt lat="42.375007" lon="2.204408"><ele>1700.853</ele><time>2014-08-19T11:19:09Z</time></trkpt><trkpt lat="42.374973" lon="2.204373"><ele>1700.004</ele><time>2014-08-19T11:19:56Z</time></trkpt><trkpt lat="42.374889" lon="2.204342"><ele>1701.314</ele><time>2014-08-19T11:21:54Z</time></trkpt><trkpt lat="42.374993" lon="2.204305"><ele>1695.707</ele><time>2014-08-19T11:22:07Z</time></trkpt><trkpt lat="42.375115" lon="2.204395"><ele>1696.652</ele><time>2014-08-19T11:22:25Z</time></trkpt><trkpt lat="42.375214" lon="2.204537"><ele>1698.412</ele><time>2014-08-19T11:22:40Z</time></trkpt><trkpt lat="42.375391" lon="2.204689"><ele>1696.476</ele><time>2014-08-19T11:23:00Z</time></trkpt><trkpt lat="42.375378" lon="2.204613"><ele>1694.539</ele><time>2014-08-19T11:23:13Z</time></trkpt><trkpt lat="42.375319" lon="2.204515"><ele>1693.711</ele><time>2014-08-19T11:23:27Z</time></trkpt><trkpt lat="42.375313" lon="2.204501"><ele>1693.437</ele><time>2014-08-19T11:23:29Z</time></trkpt><trkpt lat="42.375205" lon="2.204322"><ele>1690.685</ele><time>2014-08-19T11:23:59Z</time></trkpt><trkpt lat="42.375405" lon="2.204540"><ele>1691.183</ele><time>2014-08-19T11:24:44Z</time></trkpt><trkpt lat="42.375426" lon="2.204547"><ele>1690.525</ele><time>2014-08-19T11:24:49Z</time></trkpt><trkpt lat="42.375591" lon="2.204436"><ele>1680.517</ele><time>2014-08-19T11:25:05Z</time></trkpt><trkpt lat="42.375624" lon="2.204362"><ele>1676.507</ele><time>2014-08-19T11:25:08Z</time></trkpt><trkpt lat="42.375771" lon="2.204143"><ele>1660.835</ele><time>2014-08-19T11:25:20Z</time></trkpt><trkpt lat="42.375855" lon="2.204125"><ele>1656.775</ele><time>2014-08-19T11:25:34Z</time></trkpt><trkpt lat="42.375881" lon="2.204044"><ele>1652.379</ele><time>2014-08-19T11:25:53Z</time></trkpt><trkpt lat="42.375844" lon="2.203962"><ele>1649.162</ele><time>2014-08-19T11:26:08Z</time></trkpt><trkpt lat="42.375827" lon="2.203978"><ele>1650.594</ele><time>2014-08-19T11:26:33Z</time></trkpt><trkpt lat="42.375779" lon="2.203816"><ele>1646.110</ele><time>2014-08-19T11:26:45Z</time></trkpt><trkpt lat="42.375769" lon="2.203690"><ele>1642.188</ele><time>2014-08-19T11:26:59Z</time></trkpt><trkpt lat="42.375767" lon="2.203484"><ele>1635.944</ele><time>2014-08-19T11:27:13Z</time></trkpt><trkpt lat="42.375711" lon="2.203390"><ele>1635.905</ele><time>2014-08-19T11:27:23Z</time></trkpt><trkpt lat="42.375645" lon="2.203307"><ele>1636.515</ele><time>2014-08-19T11:27:28Z</time></trkpt><trkpt lat="42.375653" lon="2.203165"><ele>1633.007</ele><time>2014-08-19T11:27:35Z</time></trkpt><trkpt lat="42.375577" lon="2.203028"><ele>1632.421</ele><time>2014-08-19T11:27:39Z</time></trkpt><trkpt lat="42.375552" lon="2.202994"><ele>1632.161</ele><time>2014-08-19T11:27:41Z</time></trkpt><trkpt lat="42.375635" lon="2.202882"><ele>1626.155</ele><time>2014-08-19T11:27:46Z</time></trkpt><trkpt lat="42.375597" lon="2.202811"><ele>1625.058</ele><time>2014-08-19T11:28:01Z</time></trkpt><trkpt lat="42.375534" lon="2.202693"><ele>1622.520</ele><time>2014-08-19T11:28:08Z</time></trkpt><trkpt lat="42.375640" lon="2.202531"><ele>1614.886</ele><time>2014-08-19T11:28:36Z</time></trkpt><trkpt lat="42.375751" lon="2.202436"><ele>1610.234</ele><time>2014-08-19T11:28:46Z</time></trkpt><trkpt lat="42.375731" lon="2.202237"><ele>1604.396</ele><time>2014-08-19T11:28:59Z</time></trkpt><trkpt lat="42.375683" lon="2.202222"><ele>1604.731</ele><time>2014-08-19T11:29:30Z</time></trkpt><trkpt lat="42.375699" lon="2.202124"><ele>1601.624</ele><time>2014-08-19T11:29:41Z</time></trkpt><trkpt lat="42.375728" lon="2.202096"><ele>1600.307</ele><time>2014-08-19T11:29:45Z</time></trkpt><trkpt lat="42.375747" lon="2.201991"><ele>1596.976</ele><time>2014-08-19T11:29:52Z</time></trkpt><trkpt lat="42.375634" lon="2.201845"><ele>1595.336</ele><time>2014-08-19T11:30:04Z</time></trkpt><trkpt lat="42.375417" lon="2.201725"><ele>1600.540</ele><time>2014-08-19T11:30:15Z</time></trkpt><trkpt lat="42.375396" lon="2.201679"><ele>1600.783</ele><time>2014-08-19T11:30:48Z</time></trkpt><trkpt lat="42.375496" lon="2.201583"><ele>1594.545</ele><time>2014-08-19T11:30:59Z</time></trkpt><trkpt lat="42.375491" lon="2.201573"><ele>1594.621</ele><time>2014-08-19T11:31:06Z</time></trkpt><trkpt lat="42.375690" lon="2.201508"><ele>1587.379</ele><time>2014-08-19T11:31:21Z</time></trkpt><trkpt lat="42.375972" lon="2.201556"><ele>1581.861</ele><time>2014-08-19T11:31:34Z</time></trkpt><trkpt lat="42.375865" lon="2.201435"><ele>1581.421</ele><time>2014-08-19T11:32:12Z</time></trkpt><trkpt lat="42.375851" lon="2.201386"><ele>1580.613</ele><time>2014-08-19T11:32:22Z</time></trkpt><trkpt lat="42.375861" lon="2.201377"><ele>1580.307</ele><time>2014-08-19T11:32:38Z</time></trkpt><trkpt lat="42.375926" lon="2.201303"><ele>1577.853</ele><time>2014-08-19T11:32:49Z</time></trkpt><trkpt lat="42.375999" lon="2.201194"><ele>1574.573</ele><time>2014-08-19T11:32:58Z</time></trkpt><trkpt lat="42.376169" lon="2.201035"><ele>1568.127</ele><time>2014-08-19T11:33:10Z</time></trkpt><trkpt lat="42.376185" lon="2.200990"><ele>1567.010</ele><time>2014-08-19T11:33:13Z</time></trkpt><trkpt lat="42.376575" lon="2.200773"><ele>1559.952</ele><time>2014-08-19T11:33:29Z</time></trkpt><trkpt lat="42.376579" lon="2.200503"><ele>1557.958</ele><time>2014-08-19T11:33:47Z</time></trkpt><trkpt lat="42.376602" lon="2.200392"><ele>1557.296</ele><time>2014-08-19T11:33:57Z</time></trkpt><trkpt lat="42.376555" lon="2.200120"><ele>1554.422</ele><time>2014-08-19T11:34:10Z</time></trkpt><trkpt lat="42.376592" lon="2.199894"><ele>1552.862</ele><time>2014-08-19T11:34:24Z</time></trkpt><trkpt lat="42.376609" lon="2.199818"><ele>1552.508</ele><time>2014-08-19T11:34:35Z</time></trkpt><trkpt lat="42.376575" lon="2.199798"><ele>1551.707</ele><time>2014-08-19T11:34:38Z</time></trkpt><trkpt lat="42.376664" lon="2.199730"><ele>1553.019</ele><time>2014-08-19T11:34:48Z</time></trkpt><trkpt lat="42.376688" lon="2.199646"><ele>1553.979</ele><time>2014-08-19T11:34:56Z</time></trkpt><trkpt lat="42.376673" lon="2.199558"><ele>1552.323</ele><time>2014-08-19T11:35:01Z</time></trkpt><trkpt lat="42.376678" lon="2.199407"><ele>1551.746</ele><time>2014-08-19T11:35:13Z</time></trkpt><trkpt lat="42.376671" lon="2.199352"><ele>1551.048</ele><time>2014-08-19T11:35:18Z</time></trkpt><trkpt lat="42.376642" lon="2.199231"><ele>1549.844</ele><time>2014-08-19T11:35:31Z</time></trkpt><trkpt lat="42.376513" lon="2.199131"><ele>1547.152</ele><time>2014-08-19T11:35:43Z</time></trkpt><trkpt lat="42.376589" lon="2.198913"><ele>1549.248</ele><time>2014-08-19T11:36:00Z</time></trkpt><trkpt lat="42.376365" lon="2.198746"><ele>1540.861</ele><time>2014-08-19T11:36:16Z</time></trkpt><trkpt lat="42.376260" lon="2.198711"><ele>1539.617</ele><time>2014-08-19T11:36:18Z</time></trkpt><trkpt lat="42.376172" lon="2.198647"><ele>1538.607</ele><time>2014-08-19T11:36:27Z</time></trkpt><trkpt lat="42.376073" lon="2.198518"><ele>1536.951</ele><time>2014-08-19T11:36:35Z</time></trkpt><trkpt lat="42.376126" lon="2.198359"><ele>1535.641</ele><time>2014-08-19T11:36:43Z</time></trkpt><trkpt lat="42.376430" lon="2.198180"><ele>1541.865</ele><time>2014-08-19T11:36:59Z</time></trkpt><trkpt lat="42.376466" lon="2.197991"><ele>1541.248</ele><time>2014-08-19T11:37:20Z</time></trkpt><trkpt lat="42.376246" lon="2.197520"><ele>1528.530</ele><time>2014-08-19T11:37:42Z</time></trkpt><trkpt lat="42.376156" lon="2.197341"><ele>1523.316</ele><time>2014-08-19T11:37:57Z</time></trkpt><trkpt lat="42.376174" lon="2.197175"><ele>1523.144</ele><time>2014-08-19T11:38:12Z</time></trkpt><trkpt lat="42.376159" lon="2.197071"><ele>1522.139</ele><time>2014-08-19T11:38:18Z</time></trkpt><trkpt lat="42.376155" lon="2.197036"><ele>1521.901</ele><time>2014-08-19T11:38:21Z</time></trkpt><trkpt lat="42.376171" lon="2.196993"><ele>1522.521</ele><time>2014-08-19T11:38:23Z</time></trkpt><trkpt lat="42.376166" lon="2.196957"><ele>1522.207</ele><time>2014-08-19T11:38:28Z</time></trkpt><trkpt lat="42.376204" lon="2.196862"><ele>1523.160</ele><time>2014-08-19T11:38:34Z</time></trkpt><trkpt lat="42.376224" lon="2.196793"><ele>1523.080</ele><time>2014-08-19T11:38:39Z</time></trkpt><trkpt lat="42.376342" lon="2.196588"><ele>1520.814</ele><time>2014-08-19T11:38:51Z</time></trkpt><trkpt lat="42.376370" lon="2.196508"><ele>1518.697</ele><time>2014-08-19T11:39:05Z</time></trkpt><trkpt lat="42.376565" lon="2.196364"><ele>1528.459</ele><time>2014-08-19T11:42:17Z</time></trkpt><trkpt lat="42.376565" lon="2.196364"><ele>1528.415</ele><time>2014-08-19T11:42:26Z</time></trkpt><trkpt lat="42.376486" lon="2.195306"><ele>1524.893</ele><time>2014-08-19T11:43:23Z</time></trkpt><trkpt lat="42.376473" lon="2.195187"><ele>1525.152</ele><time>2014-08-19T11:44:03Z</time></trkpt><trkpt lat="42.376374" lon="2.195171"><ele>1520.053</ele><time>2014-08-19T11:44:23Z</time></trkpt><trkpt lat="42.376365" lon="2.195165"><ele>1519.708</ele><time>2014-08-19T11:44:24Z</time></trkpt><trkpt lat="42.376254" lon="2.195106"><ele>1516.407</ele><time>2014-08-19T11:44:35Z</time></trkpt><trkpt lat="42.376160" lon="2.195083"><ele>1513.332</ele><time>2014-08-19T11:44:49Z</time></trkpt><trkpt lat="42.376116" lon="2.195073"><ele>1511.962</ele><time>2014-08-19T11:44:55Z</time></trkpt><trkpt lat="42.376074" lon="2.195069"><ele>1511.356</ele><time>2014-08-19T11:45:01Z</time></trkpt><trkpt lat="42.375996" lon="2.195025"><ele>1510.939</ele><time>2014-08-19T11:45:05Z</time></trkpt><trkpt lat="42.375955" lon="2.194996"><ele>1510.791</ele><time>2014-08-19T11:45:07Z</time></trkpt><trkpt lat="42.375977" lon="2.194835"><ele>1509.037</ele><time>2014-08-19T11:45:13Z</time></trkpt><trkpt lat="42.375915" lon="2.194807"><ele>1507.075</ele><time>2014-08-19T11:45:21Z</time></trkpt><trkpt lat="42.375825" lon="2.194724"><ele>1502.778</ele><time>2014-08-19T11:45:32Z</time></trkpt><trkpt lat="42.375856" lon="2.194638"><ele>1501.433</ele><time>2014-08-19T11:45:42Z</time></trkpt><trkpt lat="42.375925" lon="2.194486"><ele>1500.026</ele><time>2014-08-19T11:46:01Z</time></trkpt><trkpt lat="42.375942" lon="2.194459"><ele>1500.107</ele><time>2014-08-19T11:46:03Z</time></trkpt><trkpt lat="42.375963" lon="2.194357"><ele>1498.374</ele><time>2014-08-19T11:46:10Z</time></trkpt><trkpt lat="42.375927" lon="2.194278"><ele>1494.864</ele><time>2014-08-19T11:46:19Z</time></trkpt><trkpt lat="42.375897" lon="2.194290"><ele>1494.068</ele><time>2014-08-19T11:46:26Z</time></trkpt><trkpt lat="42.375846" lon="2.194319"><ele>1492.861</ele><time>2014-08-19T11:46:31Z</time></trkpt><trkpt lat="42.375738" lon="2.194368"><ele>1490.183</ele><time>2014-08-19T11:46:44Z</time></trkpt><trkpt lat="42.375729" lon="2.194383"><ele>1490.159</ele><time>2014-08-19T11:46:47Z</time></trkpt><trkpt lat="42.375657" lon="2.194433"><ele>1489.017</ele><time>2014-08-19T11:46:51Z</time></trkpt><trkpt lat="42.375614" lon="2.194452"><ele>1488.166</ele><time>2014-08-19T11:46:53Z</time></trkpt><trkpt lat="42.375567" lon="2.194475"><ele>1487.129</ele><time>2014-08-19T11:46:58Z</time></trkpt><trkpt lat="42.375526" lon="2.194505"><ele>1486.621</ele><time>2014-08-19T11:47:02Z</time></trkpt><trkpt lat="42.375508" lon="2.194508"><ele>1486.207</ele><time>2014-08-19T11:47:04Z</time></trkpt><trkpt lat="42.375433" lon="2.194510"><ele>1483.993</ele><time>2014-08-19T11:47:12Z</time></trkpt><trkpt lat="42.375410" lon="2.194531"><ele>1483.523</ele><time>2014-08-19T11:47:15Z</time></trkpt><trkpt lat="42.375353" lon="2.194462"><ele>1481.137</ele><time>2014-08-19T11:47:25Z</time></trkpt><trkpt lat="42.375327" lon="2.194375"><ele>1478.250</ele><time>2014-08-19T11:47:35Z</time></trkpt><trkpt lat="42.375298" lon="2.194391"><ele>1478.032</ele><time>2014-08-19T11:47:44Z</time></trkpt><trkpt lat="42.375276" lon="2.194344"><ele>1476.198</ele><time>2014-08-19T11:47:49Z</time></trkpt><trkpt lat="42.375220" lon="2.194195"><ele>1470.766</ele><time>2014-08-19T11:48:00Z</time></trkpt><trkpt lat="42.375275" lon="2.194184"><ele>1471.455</ele><time>2014-08-19T11:48:14Z</time></trkpt><trkpt lat="42.375320" lon="2.194099"><ele>1470.607</ele><time>2014-08-19T11:48:25Z</time></trkpt><trkpt lat="42.375289" lon="2.193996"><ele>1467.617</ele><time>2014-08-19T11:48:35Z</time></trkpt><trkpt lat="42.375281" lon="2.194004"><ele>1467.607</ele><time>2014-08-19T11:48:36Z</time></trkpt><trkpt lat="42.375270" lon="2.193959"><ele>1466.482</ele><time>2014-08-19T11:48:40Z</time></trkpt><trkpt lat="42.375196" lon="2.193923"><ele>1464.322</ele><time>2014-08-19T11:49:05Z</time></trkpt><trkpt lat="42.375252" lon="2.193758"><ele>1464.896</ele><time>2014-08-19T11:49:21Z</time></trkpt><trkpt lat="42.375179" lon="2.193581"><ele>1462.799</ele><time>2014-08-19T11:49:40Z</time></trkpt><trkpt lat="42.375187" lon="2.193417"><ele>1462.171</ele><time>2014-08-19T11:49:56Z</time></trkpt><trkpt lat="42.375088" lon="2.193318"><ele>1458.227</ele><time>2014-08-19T11:50:13Z</time></trkpt><trkpt lat="42.375024" lon="2.193232"><ele>1456.065</ele><time>2014-08-19T11:50:23Z</time></trkpt><trkpt lat="42.375008" lon="2.193217"><ele>1455.387</ele><time>2014-08-19T11:50:25Z</time></trkpt><trkpt lat="42.374967" lon="2.193148"><ele>1453.942</ele><time>2014-08-19T11:50:32Z</time></trkpt><trkpt lat="42.374985" lon="2.192974"><ele>1454.526</ele><time>2014-08-19T11:50:42Z</time></trkpt><trkpt lat="42.374976" lon="2.192886"><ele>1454.107</ele><time>2014-08-19T11:50:47Z</time></trkpt><trkpt lat="42.374937" lon="2.192833"><ele>1452.715</ele><time>2014-08-19T11:50:53Z</time></trkpt><trkpt lat="42.374906" lon="2.192650"><ele>1451.875</ele><time>2014-08-19T11:51:06Z</time></trkpt><trkpt lat="42.374849" lon="2.192503"><ele>1450.199</ele><time>2014-08-19T11:51:17Z</time></trkpt><trkpt lat="42.374813" lon="2.192443"><ele>1448.912</ele><time>2014-08-19T11:51:24Z</time></trkpt><trkpt lat="42.374814" lon="2.192375"><ele>1448.864</ele><time>2014-08-19T11:51:28Z</time></trkpt><trkpt lat="42.374835" lon="2.192095"><ele>1448.650</ele><time>2014-08-19T11:51:46Z</time></trkpt><trkpt lat="42.374860" lon="2.192029"><ele>1449.128</ele><time>2014-08-19T11:52:05Z</time></trkpt><trkpt lat="42.374808" lon="2.191971"><ele>1446.661</ele><time>2014-08-19T11:52:21Z</time></trkpt><trkpt lat="42.374727" lon="2.191784"><ele>1441.521</ele><time>2014-08-19T11:52:39Z</time></trkpt><trkpt lat="42.374746" lon="2.191637"><ele>1440.913</ele><time>2014-08-19T11:53:01Z</time></trkpt><trkpt lat="42.374740" lon="2.191577"><ele>1440.207</ele><time>2014-08-19T11:54:22Z</time></trkpt><trkpt lat="42.374677" lon="2.191322"><ele>1437.143</ele><time>2014-08-19T11:54:40Z</time></trkpt><trkpt lat="42.374565" lon="2.191086"><ele>1434.333</ele><time>2014-08-19T11:54:59Z</time></trkpt><trkpt lat="42.374627" lon="2.190915"><ele>1435.127</ele><time>2014-08-19T11:55:18Z</time></trkpt><trkpt lat="42.374705" lon="2.190604"><ele>1442.370</ele><time>2014-08-19T11:55:43Z</time></trkpt><trkpt lat="42.374622" lon="2.190614"><ele>1438.842</ele><time>2014-08-19T11:55:57Z</time></trkpt><trkpt lat="42.374538" lon="2.190537"><ele>1437.338</ele><time>2014-08-19T11:56:08Z</time></trkpt><trkpt lat="42.374518" lon="2.190327"><ele>1442.416</ele><time>2014-08-19T11:56:18Z</time></trkpt><trkpt lat="42.374543" lon="2.190143"><ele>1446.273</ele><time>2014-08-19T11:56:29Z</time></trkpt><trkpt lat="42.374596" lon="2.190033"><ele>1452.185</ele><time>2014-08-19T11:56:40Z</time></trkpt><trkpt lat="42.374623" lon="2.189880"><ele>1456.713</ele><time>2014-08-19T11:56:54Z</time></trkpt><trkpt lat="42.374635" lon="2.189845"><ele>1458.207</ele><time>2014-08-19T11:56:56Z</time></trkpt><trkpt lat="42.374610" lon="2.189826"><ele>1456.214</ele><time>2014-08-19T11:57:05Z</time></trkpt><trkpt lat="42.374570" lon="2.189734"><ele>1454.354</ele><time>2014-08-19T11:57:14Z</time></trkpt><trkpt lat="42.374630" lon="2.189707"><ele>1459.468</ele><time>2014-08-19T11:57:16Z</time></trkpt><trkpt lat="42.374567" lon="2.189663"><ele>1455.851</ele><time>2014-08-19T11:57:28Z</time></trkpt><trkpt lat="42.374558" lon="2.189660"><ele>1455.373</ele><time>2014-08-19T11:57:30Z</time></trkpt><trkpt lat="42.374451" lon="2.189577"><ele>1450.739</ele><time>2014-08-19T11:57:45Z</time></trkpt><trkpt lat="42.374430" lon="2.189573"><ele>1449.417</ele><time>2014-08-19T11:57:50Z</time></trkpt><trkpt lat="42.374440" lon="2.189511"><ele>1452.346</ele><time>2014-08-19T11:57:58Z</time></trkpt><trkpt lat="42.374377" lon="2.189500"><ele>1448.588</ele><time>2014-08-19T11:58:06Z</time></trkpt><trkpt lat="42.374300" lon="2.189414"><ele>1446.716</ele><time>2014-08-19T11:58:17Z</time></trkpt><trkpt lat="42.374205" lon="2.189385"><ele>1441.407</ele><time>2014-08-19T11:58:28Z</time></trkpt><trkpt lat="42.374178" lon="2.189306"><ele>1442.271</ele><time>2014-08-19T11:58:38Z</time></trkpt><trkpt lat="42.374183" lon="2.189302"><ele>1442.731</ele><time>2014-08-19T11:58:39Z</time></trkpt><trkpt lat="42.374141" lon="2.189308"><ele>1439.945</ele><time>2014-08-19T11:58:42Z</time></trkpt><trkpt lat="42.374123" lon="2.189319"><ele>1438.478</ele><time>2014-08-19T11:58:43Z</time></trkpt><trkpt lat="42.374120" lon="2.189302"><ele>1438.850</ele><time>2014-08-19T11:58:45Z</time></trkpt><trkpt lat="42.374089" lon="2.189315"><ele>1436.526</ele><time>2014-08-19T11:58:47Z</time></trkpt><trkpt lat="42.374025" lon="2.189215"><ele>1435.144</ele><time>2014-08-19T11:59:00Z</time></trkpt><trkpt lat="42.373973" lon="2.189083"><ele>1434.257</ele><time>2014-08-19T11:59:16Z</time></trkpt><trkpt lat="42.374021" lon="2.188979"><ele>1439.700</ele><time>2014-08-19T11:59:41Z</time></trkpt><trkpt lat="42.373976" lon="2.188878"><ele>1438.320</ele><time>2014-08-19T11:59:56Z</time></trkpt><trkpt lat="42.373960" lon="2.188792"><ele>1439.907</ele><time>2014-08-19T12:00:08Z</time></trkpt><trkpt lat="42.373959" lon="2.188768"><ele>1440.742</ele><time>2014-08-19T12:00:10Z</time></trkpt><trkpt lat="42.373892" lon="2.188751"><ele>1436.292</ele><time>2014-08-19T12:00:25Z</time></trkpt><trkpt lat="42.373846" lon="2.188687"><ele>1435.226</ele><time>2014-08-19T12:00:39Z</time></trkpt><trkpt lat="42.373806" lon="2.188420"><ele>1441.219</ele><time>2014-08-19T12:00:57Z</time></trkpt><trkpt lat="42.373785" lon="2.188170"><ele>1448.571</ele><time>2014-08-19T12:01:14Z</time></trkpt><trkpt lat="42.373713" lon="2.188048"><ele>1447.497</ele><time>2014-08-19T12:01:27Z</time></trkpt><trkpt lat="42.373632" lon="2.187965"><ele>1443.875</ele><time>2014-08-19T12:01:42Z</time></trkpt><trkpt lat="42.373634" lon="2.187776"><ele>1450.762</ele><time>2014-08-19T12:01:54Z</time></trkpt><trkpt lat="42.373595" lon="2.187600"><ele>1448.283</ele><time>2014-08-19T12:02:06Z</time></trkpt><trkpt lat="42.373568" lon="2.187438"><ele>1447.411</ele><time>2014-08-19T12:02:19Z</time></trkpt><trkpt lat="42.373558" lon="2.187131"><ele>1453.107</ele><time>2014-08-19T12:02:41Z</time></trkpt><trkpt lat="42.373465" lon="2.186944"><ele>1453.053</ele><time>2014-08-19T12:02:59Z</time></trkpt><trkpt lat="42.373426" lon="2.186913"><ele>1450.543</ele><time>2014-08-19T12:03:04Z</time></trkpt><trkpt lat="42.373423" lon="2.186875"><ele>1450.937</ele><time>2014-08-19T12:03:08Z</time></trkpt><trkpt lat="42.373324" lon="2.186733"><ele>1443.810</ele><time>2014-08-19T12:03:23Z</time></trkpt><trkpt lat="42.373301" lon="2.186698"><ele>1442.192</ele><time>2014-08-19T12:03:26Z</time></trkpt><trkpt lat="42.373300" lon="2.186690"><ele>1442.158</ele><time>2014-08-19T12:03:27Z</time></trkpt><trkpt lat="42.373304" lon="2.186673"><ele>1442.546</ele><time>2014-08-19T12:03:28Z</time></trkpt><trkpt lat="42.373313" lon="2.186588"><ele>1445.471</ele><time>2014-08-19T12:03:32Z</time></trkpt><trkpt lat="42.373324" lon="2.186574"><ele>1446.641</ele><time>2014-08-19T12:03:33Z</time></trkpt><trkpt lat="42.373329" lon="2.186412"><ele>1451.115</ele><time>2014-08-19T12:03:44Z</time></trkpt><trkpt lat="42.373337" lon="2.186386"><ele>1452.507</ele><time>2014-08-19T12:03:47Z</time></trkpt><trkpt lat="42.373363" lon="2.186271"><ele>1458.254</ele><time>2014-08-19T12:03:50Z</time></trkpt><trkpt lat="42.373349" lon="2.186229"><ele>1457.464</ele><time>2014-08-19T12:03:58Z</time></trkpt><trkpt lat="42.373247" lon="2.186173"><ele>1451.058</ele><time>2014-08-19T12:04:05Z</time></trkpt><trkpt lat="42.373221" lon="2.186078"><ele>1451.611</ele><time>2014-08-19T12:04:18Z</time></trkpt><trkpt lat="42.373214" lon="2.186071"><ele>1451.393</ele><time>2014-08-19T12:04:31Z</time></trkpt><trkpt lat="42.371639" lon="2.186160"><ele>1362.749</ele><time>2014-08-19T12:07:44Z</time></trkpt><trkpt lat="42.371639" lon="2.186050"><ele>1364.747</ele><time>2014-08-19T12:07:51Z</time></trkpt><trkpt lat="42.371639" lon="2.186043"><ele>1364.815</ele><time>2014-08-19T12:07:53Z</time></trkpt><trkpt lat="42.371637" lon="2.186018"><ele>1365.065</ele><time>2014-08-19T12:07:56Z</time></trkpt><trkpt lat="42.371618" lon="2.185898"><ele>1365.211</ele><time>2014-08-19T12:08:02Z</time></trkpt><trkpt lat="42.371601" lon="2.185798"><ele>1365.107</ele><time>2014-08-19T12:08:10Z</time></trkpt><trkpt lat="42.371602" lon="2.185790"><ele>1365.388</ele><time>2014-08-19T12:08:11Z</time></trkpt><trkpt lat="42.371571" lon="2.185696"><ele>1363.978</ele><time>2014-08-19T12:08:17Z</time></trkpt><trkpt lat="42.371561" lon="2.185658"><ele>1363.632</ele><time>2014-08-19T12:08:20Z</time></trkpt><trkpt lat="42.371543" lon="2.185591"><ele>1363.165</ele><time>2014-08-19T12:08:24Z</time></trkpt><trkpt lat="42.371517" lon="2.185500"><ele>1362.647</ele><time>2014-08-19T12:08:35Z</time></trkpt><trkpt lat="42.371511" lon="2.185375"><ele>1364.273</ele><time>2014-08-19T12:08:48Z</time></trkpt><trkpt lat="42.371488" lon="2.185324"><ele>1363.811</ele><time>2014-08-19T12:08:57Z</time></trkpt><trkpt lat="42.371421" lon="2.185125"><ele>1364.521</ele><time>2014-08-19T12:09:10Z</time></trkpt><trkpt lat="42.371385" lon="2.185138"><ele>1362.841</ele><time>2014-08-19T12:09:13Z</time></trkpt><trkpt lat="42.371317" lon="2.185064"><ele>1360.105</ele><time>2014-08-19T12:09:20Z</time></trkpt><trkpt lat="42.371308" lon="2.185015"><ele>1360.507</ele><time>2014-08-19T12:09:23Z</time></trkpt><trkpt lat="42.371301" lon="2.184998"><ele>1360.369</ele><time>2014-08-19T12:09:25Z</time></trkpt><trkpt lat="42.371273" lon="2.184937"><ele>1359.059</ele><time>2014-08-19T12:09:32Z</time></trkpt><trkpt lat="42.371193" lon="2.184963"><ele>1353.583</ele><time>2014-08-19T12:09:36Z</time></trkpt><trkpt lat="42.371208" lon="2.184947"><ele>1354.676</ele><time>2014-08-19T12:09:38Z</time></trkpt><trkpt lat="42.371212" lon="2.184829"><ele>1355.648</ele><time>2014-08-19T12:09:42Z</time></trkpt><trkpt lat="42.371227" lon="2.184834"><ele>1356.634</ele><time>2014-08-19T12:09:44Z</time></trkpt><trkpt lat="42.371258" lon="2.184628"><ele>1359.162</ele><time>2014-08-19T12:09:52Z</time></trkpt><trkpt lat="42.371230" lon="2.184614"><ele>1356.976</ele><time>2014-08-19T12:09:55Z</time></trkpt><trkpt lat="42.371235" lon="2.184475"><ele>1356.590</ele><time>2014-08-19T12:10:07Z</time></trkpt><trkpt lat="42.371256" lon="2.184369"><ele>1360.019</ele><time>2014-08-19T12:10:16Z</time></trkpt><trkpt lat="42.371294" lon="2.184222"><ele>1365.907</ele><time>2014-08-19T12:10:29Z</time></trkpt><trkpt lat="42.371353" lon="2.184044"><ele>1376.664</ele><time>2014-08-19T12:10:42Z</time></trkpt><trkpt lat="42.371325" lon="2.183952"><ele>1379.884</ele><time>2014-08-19T12:10:50Z</time></trkpt><trkpt lat="42.371260" lon="2.183887"><ele>1379.268</ele><time>2014-08-19T12:11:02Z</time></trkpt><trkpt lat="42.371263" lon="2.183884"><ele>1379.661</ele><time>2014-08-19T12:11:06Z</time></trkpt><trkpt lat="42.371263" lon="2.183884"><ele>1379.663</ele><time>2014-08-19T12:11:13Z</time></trkpt><trkpt lat="42.371263" lon="2.183884"><ele>1379.669</ele><time>2014-08-19T12:11:19Z</time></trkpt><trkpt lat="42.371263" lon="2.183884"><ele>1379.617</ele><time>2014-08-19T12:11:43Z</time></trkpt><trkpt lat="42.371263" lon="2.183884"><ele>1379.668</ele><time>2014-08-19T12:14:25Z</time></trkpt><trkpt lat="42.371263" lon="2.183884"><ele>1379.642</ele><time>2014-08-19T12:14:56Z</time></trkpt><trkpt lat="42.371263" lon="2.183884"><ele>1379.626</ele><time>2014-08-19T12:17:19Z</time></trkpt><trkpt lat="42.371263" lon="2.183884"><ele>1379.607</ele><time>2014-08-19T12:17:30Z</time></trkpt><trkpt lat="42.371263" lon="2.183884"><ele>1379.663</ele><time>2014-08-19T12:17:46Z</time></trkpt><trkpt lat="42.371263" lon="2.183884"><ele>1379.623</ele><time>2014-08-19T12:18:10Z</time></trkpt><trkpt lat="42.371263" lon="2.183884"><ele>1379.637</ele><time>2014-08-19T12:18:33Z</time></trkpt><trkpt lat="42.371263" lon="2.183884"><ele>1379.690</ele><time>2014-08-19T12:18:48Z</time></trkpt><trkpt lat="42.371263" lon="2.183884"><ele>1379.672</ele><time>2014-08-19T12:19:00Z</time></trkpt><trkpt lat="42.371263" lon="2.183884"><ele>1379.658</ele><time>2014-08-19T12:19:15Z</time></trkpt><trkpt lat="42.371263" lon="2.183884"><ele>1379.616</ele><time>2014-08-19T12:19:31Z</time></trkpt><trkpt lat="42.371263" lon="2.183884"><ele>1379.685</ele><time>2014-08-19T12:19:48Z</time></trkpt><trkpt lat="42.371263" lon="2.183884"><ele>1379.689</ele><time>2014-08-19T12:20:00Z</time></trkpt><trkpt lat="42.371263" lon="2.183884"><ele>1379.617</ele><time>2014-08-19T12:22:21Z</time></trkpt><trkpt lat="42.371263" lon="2.183884"><ele>1379.607</ele><time>2014-08-19T12:22:37Z</time></trkpt><trkpt lat="42.371263" lon="2.183884"><ele>1379.625</ele><time>2014-08-19T12:22:51Z</time></trkpt><trkpt lat="42.371263" lon="2.183884"><ele>1379.665</ele><time>2014-08-19T12:23:09Z</time></trkpt><trkpt lat="42.371263" lon="2.183884"><ele>1379.629</ele><time>2014-08-19T12:23:24Z</time></trkpt><trkpt lat="42.371263" lon="2.183884"><ele>1379.632</ele><time>2014-08-19T12:23:37Z</time></trkpt><trkpt lat="42.371263" lon="2.183884"><ele>1379.684</ele><time>2014-08-19T12:24:03Z</time></trkpt><trkpt lat="42.371263" lon="2.183884"><ele>1379.610</ele><time>2014-08-19T12:24:14Z</time></trkpt><trkpt lat="42.371263" lon="2.183884"><ele>1379.678</ele><time>2014-08-19T12:24:28Z</time></trkpt><trkpt lat="42.371263" lon="2.183884"><ele>1379.694</ele><time>2014-08-19T12:24:48Z</time></trkpt><trkpt lat="42.371263" lon="2.183884"><ele>1379.657</ele><time>2014-08-19T12:25:06Z</time></trkpt><trkpt lat="42.371263" lon="2.183884"><ele>1379.622</ele><time>2014-08-19T12:26:27Z</time></trkpt><trkpt lat="42.371263" lon="2.183884"><ele>1379.607</ele><time>2014-08-19T12:27:30Z</time></trkpt><trkpt lat="42.371263" lon="2.183884"><ele>1379.666</ele><time>2014-08-19T12:27:59Z</time></trkpt><trkpt lat="42.371263" lon="2.183884"><ele>1379.656</ele><time>2014-08-19T12:28:20Z</time></trkpt><trkpt lat="42.371263" lon="2.183884"><ele>1379.620</ele><time>2014-08-19T12:28:44Z</time></trkpt><trkpt lat="42.371263" lon="2.183884"><ele>1379.673</ele><time>2014-08-19T12:29:01Z</time></trkpt><trkpt lat="42.371263" lon="2.183884"><ele>1379.685</ele><time>2014-08-19T12:29:37Z</time></trkpt><trkpt lat="42.371263" lon="2.183884"><ele>1379.661</ele><time>2014-08-19T12:29:55Z</time></trkpt><trkpt lat="42.371263" lon="2.183884"><ele>1379.639</ele><time>2014-08-19T12:30:16Z</time></trkpt><trkpt lat="42.371263" lon="2.183884"><ele>1379.642</ele><time>2014-08-19T12:30:40Z</time></trkpt><trkpt lat="42.371263" lon="2.183884"><ele>1379.622</ele><time>2014-08-19T12:30:56Z</time></trkpt><trkpt lat="42.371263" lon="2.183884"><ele>1379.614</ele><time>2014-08-19T12:31:14Z</time></trkpt><trkpt lat="42.371263" lon="2.183884"><ele>1379.607</ele><time>2014-08-19T12:31:28Z</time></trkpt><trkpt lat="42.371263" lon="2.183884"><ele>1379.621</ele><time>2014-08-19T12:31:41Z</time></trkpt><trkpt lat="42.371263" lon="2.183884"><ele>1379.631</ele><time>2014-08-19T12:32:10Z</time></trkpt><trkpt lat="42.371263" lon="2.183884"><ele>1379.625</ele><time>2014-08-19T12:32:11Z</time></trkpt><trkpt lat="42.371263" lon="2.183884"><ele>1379.688</ele><time>2014-08-19T12:32:30Z</time></trkpt><trkpt lat="42.371263" lon="2.183884"><ele>1379.670</ele><time>2014-08-19T12:32:41Z</time></trkpt><trkpt lat="42.371263" lon="2.183884"><ele>1379.656</ele><time>2014-08-19T12:33:11Z</time></trkpt><trkpt lat="42.371263" lon="2.183884"><ele>1379.654</ele><time>2014-08-19T12:33:19Z</time></trkpt><trkpt lat="42.371263" lon="2.183884"><ele>1379.665</ele><time>2014-08-19T12:33:20Z</time></trkpt><trkpt lat="42.371263" lon="2.183884"><ele>1379.668</ele><time>2014-08-19T12:33:47Z</time></trkpt><trkpt lat="42.371263" lon="2.183884"><ele>1379.614</ele><time>2014-08-19T12:34:02Z</time></trkpt><trkpt lat="42.371263" lon="2.183884"><ele>1379.607</ele><time>2014-08-19T12:34:16Z</time></trkpt><trkpt lat="42.371263" lon="2.183884"><ele>1379.693</ele><time>2014-08-19T12:34:22Z</time></trkpt><trkpt lat="42.371263" lon="2.183884"><ele>1379.683</ele><time>2014-08-19T12:34:23Z</time></trkpt><trkpt lat="42.371263" lon="2.183884"><ele>1379.687</ele><time>2014-08-19T12:34:54Z</time></trkpt><trkpt lat="42.371263" lon="2.183884"><ele>1379.680</ele><time>2014-08-19T12:35:32Z</time></trkpt><trkpt lat="42.371263" lon="2.183884"><ele>1379.672</ele><time>2014-08-19T12:35:47Z</time></trkpt><trkpt lat="42.371263" lon="2.183884"><ele>1379.628</ele><time>2014-08-19T12:36:24Z</time></trkpt><trkpt lat="42.371263" lon="2.183884"><ele>1379.686</ele><time>2014-08-19T12:36:43Z</time></trkpt><trkpt lat="42.371263" lon="2.183884"><ele>1379.641</ele><time>2014-08-19T12:37:27Z</time></trkpt><trkpt lat="42.371263" lon="2.183884"><ele>1379.681</ele><time>2014-08-19T12:37:44Z</time></trkpt><trkpt lat="42.371263" lon="2.183884"><ele>1379.609</ele><time>2014-08-19T12:37:53Z</time></trkpt><trkpt lat="42.371263" lon="2.183884"><ele>1379.607</ele><time>2014-08-19T12:38:10Z</time></trkpt><trkpt lat="42.371263" lon="2.183884"><ele>1379.671</ele><time>2014-08-19T12:38:28Z</time></trkpt><trkpt lat="42.371263" lon="2.183884"><ele>1379.691</ele><time>2014-08-19T12:38:59Z</time></trkpt><trkpt lat="42.371263" lon="2.183884"><ele>1379.695</ele><time>2014-08-19T12:39:00Z</time></trkpt><trkpt lat="42.371263" lon="2.183884"><ele>1379.668</ele><time>2014-08-19T12:39:19Z</time></trkpt><trkpt lat="42.371263" lon="2.183884"><ele>1379.670</ele><time>2014-08-19T12:39:43Z</time></trkpt><trkpt lat="42.371263" lon="2.183884"><ele>1379.626</ele><time>2014-08-19T12:39:58Z</time></trkpt><trkpt lat="42.371263" lon="2.183884"><ele>1379.654</ele><time>2014-08-19T12:40:00Z</time></trkpt><trkpt lat="42.371263" lon="2.183884"><ele>1379.621</ele><time>2014-08-19T12:40:01Z</time></trkpt><trkpt lat="42.364451" lon="2.175361"><ele>1183.141</ele><time>2014-08-19T12:41:50Z</time></trkpt><trkpt lat="42.364370" lon="2.175437"><ele>1185.205</ele><time>2014-08-19T12:41:56Z</time></trkpt><trkpt lat="42.364314" lon="2.175448"><ele>1186.607</ele><time>2014-08-19T12:42:03Z</time></trkpt><trkpt lat="42.364275" lon="2.175417"><ele>1186.619</ele><time>2014-08-19T12:42:06Z</time></trkpt><trkpt lat="42.364206" lon="2.175319"><ele>1184.349</ele><time>2014-08-19T12:42:17Z</time></trkpt><trkpt lat="42.364171" lon="2.175302"><ele>1183.953</ele><time>2014-08-19T12:42:21Z</time></trkpt><trkpt lat="42.364083" lon="2.175206"><ele>1183.456</ele><time>2014-08-19T12:42:31Z</time></trkpt><trkpt lat="42.364082" lon="2.175202"><ele>1183.418</ele><time>2014-08-19T12:45:11Z</time></trkpt><trkpt lat="42.363970" lon="2.175081"><ele>1182.444</ele><time>2014-08-19T12:45:40Z</time></trkpt><trkpt lat="42.363885" lon="2.175071"><ele>1182.882</ele><time>2014-08-19T12:45:48Z</time></trkpt><trkpt lat="42.363746" lon="2.175069"><ele>1183.083</ele><time>2014-08-19T12:45:59Z</time></trkpt><trkpt lat="42.363669" lon="2.174987"><ele>1181.625</ele><time>2014-08-19T12:46:06Z</time></trkpt><trkpt lat="42.363641" lon="2.174985"><ele>1181.617</ele><time>2014-08-19T12:46:09Z</time></trkpt><trkpt lat="42.363518" lon="2.174913"><ele>1181.107</ele><time>2014-08-19T12:46:20Z</time></trkpt><trkpt lat="42.363383" lon="2.174841"><ele>1180.895</ele><time>2014-08-19T12:46:32Z</time></trkpt><trkpt lat="42.363191" lon="2.174811"><ele>1180.975</ele><time>2014-08-19T12:46:47Z</time></trkpt><trkpt lat="42.363133" lon="2.174803"><ele>1181.029</ele><time>2014-08-19T12:46:52Z</time></trkpt><trkpt lat="42.363095" lon="2.174775"><ele>1180.652</ele><time>2014-08-19T12:46:56Z</time></trkpt><trkpt lat="42.363067" lon="2.174754"><ele>1180.494</ele><time>2014-08-19T12:46:58Z</time></trkpt><trkpt lat="42.362924" lon="2.174709"><ele>1178.950</ele><time>2014-08-19T12:47:11Z</time></trkpt><trkpt lat="42.362800" lon="2.174712"><ele>1178.048</ele><time>2014-08-19T12:47:23Z</time></trkpt><trkpt lat="42.362747" lon="2.174736"><ele>1177.965</ele><time>2014-08-19T12:47:27Z</time></trkpt><trkpt lat="42.362669" lon="2.174776"><ele>1177.768</ele><time>2014-08-19T12:47:36Z</time></trkpt><trkpt lat="42.362631" lon="2.174763"><ele>1177.114</ele><time>2014-08-19T12:47:39Z</time></trkpt><trkpt lat="42.362511" lon="2.174801"><ele>1176.507</ele><time>2014-08-19T12:47:48Z</time></trkpt><trkpt lat="42.362451" lon="2.174786"><ele>1175.913</ele><time>2014-08-19T12:47:55Z</time></trkpt><trkpt lat="42.362349" lon="2.174823"><ele>1176.163</ele><time>2014-08-19T12:48:04Z</time></trkpt><trkpt lat="42.362297" lon="2.174835"><ele>1176.277</ele><time>2014-08-19T12:48:06Z</time></trkpt><trkpt lat="42.362196" lon="2.174852"><ele>1176.390</ele><time>2014-08-19T12:48:18Z</time></trkpt><trkpt lat="42.361963" lon="2.174768"><ele>1174.282</ele><time>2014-08-19T12:48:35Z</time></trkpt><trkpt lat="42.361914" lon="2.174736"><ele>1173.198</ele><time>2014-08-19T12:48:52Z</time></trkpt><trkpt lat="42.361926" lon="2.174747"><ele>1173.526</ele><time>2014-08-19T12:49:34Z</time></trkpt><trkpt lat="42.361915" lon="2.174742"><ele>1173.364</ele><time>2014-08-19T12:50:13Z</time></trkpt><trkpt lat="42.361825" lon="2.174788"><ele>1173.706</ele><time>2014-08-19T12:51:22Z</time></trkpt><trkpt lat="42.361795" lon="2.174767"><ele>1173.016</ele><time>2014-08-19T12:51:43Z</time></trkpt><trkpt lat="42.361710" lon="2.174753"><ele>1172.007</ele><time>2014-08-19T12:51:50Z</time></trkpt><trkpt lat="42.361568" lon="2.174747"><ele>1172.033</ele><time>2014-08-19T12:52:01Z</time></trkpt><trkpt lat="42.361511" lon="2.174736"><ele>1171.933</ele><time>2014-08-19T12:52:05Z</time></trkpt><trkpt lat="42.361425" lon="2.174658"><ele>1170.187</ele><time>2014-08-19T12:52:16Z</time></trkpt><trkpt lat="42.361268" lon="2.174541"><ele>1169.350</ele><time>2014-08-19T12:52:25Z</time></trkpt><trkpt lat="42.361251" lon="2.174519"><ele>1168.792</ele><time>2014-08-19T12:52:27Z</time></trkpt><trkpt lat="42.361250" lon="2.174505"><ele>1168.188</ele><time>2014-08-19T12:52:29Z</time></trkpt><trkpt lat="42.361204" lon="2.174512"><ele>1169.246</ele><time>2014-08-19T12:52:33Z</time></trkpt><trkpt lat="42.361114" lon="2.174446"><ele>1167.185</ele><time>2014-08-19T12:52:39Z</time></trkpt><trkpt lat="42.361024" lon="2.174382"><ele>1167.489</ele><time>2014-08-19T12:52:48Z</time></trkpt><trkpt lat="42.361020" lon="2.174371"><ele>1167.017</ele><time>2014-08-19T12:52:50Z</time></trkpt><trkpt lat="42.360866" lon="2.174216"><ele>1161.907</ele><time>2014-08-19T12:53:05Z</time></trkpt><trkpt lat="42.360814" lon="2.174175"><ele>1159.955</ele><time>2014-08-19T12:53:10Z</time></trkpt><trkpt lat="42.360790" lon="2.174168"><ele>1159.935</ele><time>2014-08-19T12:53:12Z</time></trkpt><trkpt lat="42.360736" lon="2.174133"><ele>1160.079</ele><time>2014-08-19T12:53:33Z</time></trkpt><trkpt lat="42.360670" lon="2.174146"><ele>1161.412</ele><time>2014-08-19T12:53:39Z</time></trkpt><trkpt lat="42.360528" lon="2.174083"><ele>1161.994</ele><time>2014-08-19T12:53:53Z</time></trkpt><trkpt lat="42.360499" lon="2.174076"><ele>1162.120</ele><time>2014-08-19T12:53:55Z</time></trkpt><trkpt lat="42.360427" lon="2.174041"><ele>1161.648</ele><time>2014-08-19T12:54:01Z</time></trkpt><trkpt lat="42.360380" lon="2.174029"><ele>1161.615</ele><time>2014-08-19T12:54:05Z</time></trkpt><trkpt lat="42.360328" lon="2.173997"><ele>1160.765</ele><time>2014-08-19T12:54:09Z</time></trkpt><trkpt lat="42.360059" lon="2.173816"><ele>1155.611</ele><time>2014-08-19T12:54:31Z</time></trkpt><trkpt lat="42.359832" lon="2.173724"><ele>1154.107</ele><time>2014-08-19T12:54:50Z</time></trkpt><trkpt lat="42.359704" lon="2.173686"><ele>1153.058</ele><time>2014-08-19T12:54:59Z</time></trkpt><trkpt lat="42.359517" lon="2.173597"><ele>1151.948</ele><time>2014-08-19T12:55:13Z</time></trkpt><trkpt lat="42.359458" lon="2.173569"><ele>1151.852</ele><time>2014-08-19T12:55:18Z</time></trkpt><trkpt lat="42.359393" lon="2.173518"><ele>1152.475</ele><time>2014-08-19T12:55:23Z</time></trkpt><trkpt lat="42.359364" lon="2.173475"><ele>1152.297</ele><time>2014-08-19T12:55:26Z</time></trkpt><trkpt lat="42.359293" lon="2.173415"><ele>1152.563</ele><time>2014-08-19T12:55:33Z</time></trkpt><trkpt lat="42.359267" lon="2.173408"><ele>1153.021</ele><time>2014-08-19T12:55:36Z</time></trkpt><trkpt lat="42.359107" lon="2.173283"><ele>1154.381</ele><time>2014-08-19T12:55:51Z</time></trkpt><trkpt lat="42.358976" lon="2.173045"><ele>1153.661</ele><time>2014-08-19T12:56:05Z</time></trkpt><trkpt lat="42.358952" lon="2.172990"><ele>1153.317</ele><time>2014-08-19T12:56:08Z</time></trkpt><trkpt lat="42.358860" lon="2.172821"><ele>1152.507</ele><time>2014-08-19T12:56:19Z</time></trkpt><trkpt lat="42.358813" lon="2.172720"><ele>1152.485</ele><time>2014-08-19T12:56:25Z</time></trkpt><trkpt lat="42.358719" lon="2.172545"><ele>1151.155</ele><time>2014-08-19T12:56:37Z</time></trkpt><trkpt lat="42.358621" lon="2.172291"><ele>1146.489</ele><time>2014-08-19T12:56:50Z</time></trkpt><trkpt lat="42.358537" lon="2.172166"><ele>1145.752</ele><time>2014-08-19T12:56:59Z</time></trkpt><trkpt lat="42.358465" lon="2.172071"><ele>1144.224</ele><time>2014-08-19T12:57:07Z</time></trkpt><trkpt lat="42.358309" lon="2.171881"><ele>1140.130</ele><time>2014-08-19T12:57:22Z</time></trkpt><trkpt lat="42.358152" lon="2.171636"><ele>1134.148</ele><time>2014-08-19T12:57:39Z</time></trkpt><trkpt lat="42.358036" lon="2.171514"><ele>1133.251</ele><time>2014-08-19T12:57:50Z</time></trkpt><trkpt lat="42.357843" lon="2.171365"><ele>1131.701</ele><time>2014-08-19T12:58:06Z</time></trkpt><trkpt lat="42.357731" lon="2.171238"><ele>1132.611</ele><time>2014-08-19T12:58:17Z</time></trkpt><trkpt lat="42.357671" lon="2.171158"><ele>1132.207</ele><time>2014-08-19T12:58:24Z</time></trkpt><trkpt lat="42.357525" lon="2.170994"><ele>1129.592</ele><time>2014-08-19T12:58:38Z</time></trkpt><trkpt lat="42.357516" lon="2.170982"><ele>1129.182</ele><time>2014-08-19T12:58:40Z</time></trkpt><trkpt lat="42.357356" lon="2.170873"><ele>1127.226</ele><time>2014-08-19T12:58:55Z</time></trkpt><trkpt lat="42.357330" lon="2.170874"><ele>1127.049</ele><time>2014-08-19T12:58:58Z</time></trkpt><trkpt lat="42.357231" lon="2.170798"><ele>1127.591</ele><time>2014-08-19T12:59:03Z</time></trkpt><trkpt lat="42.357175" lon="2.170746"><ele>1129.527</ele><time>2014-08-19T12:59:08Z</time></trkpt><trkpt lat="42.357090" lon="2.170768"><ele>1129.025</ele><time>2014-08-19T12:59:15Z</time></trkpt><trkpt lat="42.356968" lon="2.170732"><ele>1130.274</ele><time>2014-08-19T12:59:29Z</time></trkpt><trkpt lat="42.356856" lon="2.170629"><ele>1132.556</ele><time>2014-08-19T12:59:37Z</time></trkpt><trkpt lat="42.356838" lon="2.170617"><ele>1132.721</ele><time>2014-08-19T12:59:39Z</time></trkpt><trkpt lat="42.356718" lon="2.170572"><ele>1133.107</ele><time>2014-08-19T12:59:44Z</time></trkpt><trkpt lat="42.356687" lon="2.170550"><ele>1133.244</ele><time>2014-08-19T12:59:54Z</time></trkpt><trkpt lat="42.356655" lon="2.170527"><ele>1133.634</ele><time>2014-08-19T12:59:57Z</time></trkpt><trkpt lat="42.356521" lon="2.170413"><ele>1136.438</ele><time>2014-08-19T13:00:12Z</time></trkpt><trkpt lat="42.356398" lon="2.170307"><ele>1139.331</ele><time>2014-08-19T13:00:25Z</time></trkpt><trkpt lat="42.356390" lon="2.170309"><ele>1139.383</ele><time>2014-08-19T13:00:26Z</time></trkpt><trkpt lat="42.356343" lon="2.170253"><ele>1141.079</ele><time>2014-08-19T13:00:30Z</time></trkpt><trkpt lat="42.356333" lon="2.170243"><ele>1141.527</ele><time>2014-08-19T13:00:32Z</time></trkpt><trkpt lat="42.356291" lon="2.170190"><ele>1144.296</ele><time>2014-08-19T13:00:43Z</time></trkpt><trkpt lat="42.356280" lon="2.170162"><ele>1145.731</ele><time>2014-08-19T13:00:55Z</time></trkpt><trkpt lat="42.356281" lon="2.170150"><ele>1146.424</ele><time>2014-08-19T13:01:00Z</time></trkpt><trkpt lat="42.356219" lon="2.170047"><ele>1152.407</ele><time>2014-08-19T13:01:12Z</time></trkpt><trkpt lat="42.356208" lon="2.170038"><ele>1153.056</ele><time>2014-08-19T13:01:14Z</time></trkpt><trkpt lat="42.356137" lon="2.169981"><ele>1156.666</ele><time>2014-08-19T13:01:19Z</time></trkpt><trkpt lat="42.356042" lon="2.169985"><ele>1156.440</ele><time>2014-08-19T13:01:29Z</time></trkpt><trkpt lat="42.355913" lon="2.169952"><ele>1157.473</ele><time>2014-08-19T13:01:41Z</time></trkpt><trkpt lat="42.355907" lon="2.169960"><ele>1157.165</ele><time>2014-08-19T13:01:42Z</time></trkpt><trkpt lat="42.355797" lon="2.169930"><ele>1158.281</ele><time>2014-08-19T13:01:53Z</time></trkpt><trkpt lat="42.355591" lon="2.169815"><ele>1163.959</ele><time>2014-08-19T13:02:11Z</time></trkpt><trkpt lat="42.355524" lon="2.169811"><ele>1163.462</ele><time>2014-08-19T13:02:16Z</time></trkpt><trkpt lat="42.355470" lon="2.169811"><ele>1162.083</ele><time>2014-08-19T13:02:20Z</time></trkpt><trkpt lat="42.355427" lon="2.169814"><ele>1160.711</ele><time>2014-08-19T13:02:23Z</time></trkpt><trkpt lat="42.355275" lon="2.169791"><ele>1157.907</ele><time>2014-08-19T13:02:37Z</time></trkpt><trkpt lat="42.355093" lon="2.169743"><ele>1153.513</ele><time>2014-08-19T13:02:56Z</time></trkpt><trkpt lat="42.354999" lon="2.169670"><ele>1155.113</ele><time>2014-08-19T13:03:07Z</time></trkpt><trkpt lat="42.354981" lon="2.169663"><ele>1155.027</ele><time>2014-08-19T13:03:09Z</time></trkpt><trkpt lat="42.354856" lon="2.169521"><ele>1160.450</ele><time>2014-08-19T13:03:27Z</time></trkpt><trkpt lat="42.354782" lon="2.169423"><ele>1162.982</ele><time>2014-08-19T13:03:36Z</time></trkpt><trkpt lat="42.354684" lon="2.169326"><ele>1161.278</ele><time>2014-08-19T13:03:48Z</time></trkpt><trkpt lat="42.354570" lon="2.169226"><ele>1157.556</ele><time>2014-08-19T13:04:01Z</time></trkpt><trkpt lat="42.354542" lon="2.169205"><ele>1156.319</ele><time>2014-08-19T13:04:04Z</time></trkpt><trkpt lat="42.354388" lon="2.169177"><ele>1147.009</ele><time>2014-08-19T13:04:16Z</time></trkpt><trkpt lat="42.354331" lon="2.169148"><ele>1144.419</ele><time>2014-08-19T13:04:24Z</time></trkpt><trkpt lat="42.354288" lon="2.169087"><ele>1144.407</ele><time>2014-08-19T13:04:32Z</time></trkpt><trkpt lat="42.354242" lon="2.169009"><ele>1145.278</ele><time>2014-08-19T13:05:34Z</time></trkpt><trkpt lat="42.354247" lon="2.168924"><ele>1149.458</ele><time>2014-08-19T13:05:42Z</time></trkpt><trkpt lat="42.354272" lon="2.168824"><ele>1155.242</ele><time>2014-08-19T13:05:49Z</time></trkpt><trkpt lat="42.354277" lon="2.168787"><ele>1157.185</ele><time>2014-08-19T13:05:52Z</time></trkpt><trkpt lat="42.354298" lon="2.168722"><ele>1161.137</ele><time>2014-08-19T13:05:56Z</time></trkpt><trkpt lat="42.354243" lon="2.168542"><ele>1166.183</ele><time>2014-08-19T13:06:10Z</time></trkpt><trkpt lat="42.354233" lon="2.168538"><ele>1165.751</ele><time>2014-08-19T13:06:11Z</time></trkpt><trkpt lat="42.354212" lon="2.168492"><ele>1166.654</ele><time>2014-08-19T13:06:15Z</time></trkpt><trkpt lat="42.354117" lon="2.168429"><ele>1164.856</ele><time>2014-08-19T13:06:24Z</time></trkpt><trkpt lat="42.354110" lon="2.168407"><ele>1165.411</ele><time>2014-08-19T13:06:26Z</time></trkpt><trkpt lat="42.353867" lon="2.168370"><ele>1157.007</ele><time>2014-08-19T13:06:45Z</time></trkpt><trkpt lat="42.353737" lon="2.168333"><ele>1155.222</ele><time>2014-08-19T13:06:57Z</time></trkpt><trkpt lat="42.353617" lon="2.168221"><ele>1156.292</ele><time>2014-08-19T13:07:10Z</time></trkpt><trkpt lat="42.353608" lon="2.168209"><ele>1156.496</ele><time>2014-08-19T13:07:11Z</time></trkpt><trkpt lat="42.353549" lon="2.168174"><ele>1156.789</ele><time>2014-08-19T13:07:17Z</time></trkpt><trkpt lat="42.353473" lon="2.168083"><ele>1158.931</ele><time>2014-08-19T13:07:27Z</time></trkpt><trkpt lat="42.353371" lon="2.167955"><ele>1161.727</ele><time>2014-08-19T13:07:42Z</time></trkpt><trkpt lat="42.353242" lon="2.167845"><ele>1161.895</ele><time>2014-08-19T13:07:57Z</time></trkpt><trkpt lat="42.353222" lon="2.167834"><ele>1161.688</ele><time>2014-08-19T13:07:59Z</time></trkpt><trkpt lat="42.353122" lon="2.167713"><ele>1162.824</ele><time>2014-08-19T13:08:12Z</time></trkpt><trkpt lat="42.353006" lon="2.167556"><ele>1164.726</ele><time>2014-08-19T13:08:30Z</time></trkpt><trkpt lat="42.352906" lon="2.167424"><ele>1166.007</ele><time>2014-08-19T13:08:44Z</time></trkpt><trkpt lat="42.352853" lon="2.167364"><ele>1166.415</ele><time>2014-08-19T13:08:51Z</time></trkpt><trkpt lat="42.352757" lon="2.167240"><ele>1168.475</ele><time>2014-08-19T13:09:05Z</time></trkpt><trkpt lat="42.352598" lon="2.167161"><ele>1168.899</ele><time>2014-08-19T13:09:22Z</time></trkpt><trkpt lat="42.352553" lon="2.167106"><ele>1168.832</ele><time>2014-08-19T13:09:28Z</time></trkpt><trkpt lat="42.352422" lon="2.166915"><ele>1167.824</ele><time>2014-08-19T13:09:47Z</time></trkpt><trkpt lat="42.352247" lon="2.166661"><ele>1166.530</ele><time>2014-08-19T13:10:13Z</time></trkpt><trkpt lat="42.352204" lon="2.166556"><ele>1167.288</ele><time>2014-08-19T13:10:23Z</time></trkpt><trkpt lat="42.352130" lon="2.166446"><ele>1167.474</ele><time>2014-08-19T13:10:33Z</time></trkpt><trkpt lat="42.352085" lon="2.166357"><ele>1168.056</ele><time>2014-08-19T13:10:44Z</time></trkpt><trkpt lat="42.352055" lon="2.166303"><ele>1168.321</ele><time>2014-08-19T13:10:50Z</time></trkpt><trkpt lat="42.351997" lon="2.166263"><ele>1167.607</ele><time>2014-08-19T13:10:56Z</time></trkpt><trkpt lat="42.351930" lon="2.166208"><ele>1166.914</ele><time>2014-08-19T13:11:04Z</time></trkpt><trkpt lat="42.351869" lon="2.166150"><ele>1167.664</ele><time>2014-08-19T13:11:17Z</time></trkpt><trkpt lat="42.351858" lon="2.166137"><ele>1167.918</ele><time>2014-08-19T13:11:26Z</time></trkpt></trkseg></trk></gpx>